"","X.4","X.3","X.2","X.1","X","iq","agility","speed","strength","damage.resistance","superpower","flexibility","willpower","ptsd","north_south","died","kills","injuries","minutes.fighting","shots.taken"
"1",1,1,1,1,1,118,27,5.05,400,2.1,"no",-1.9,50,4.9,"south","no",0,4,7.7,134
"2",2,2,2,2,2,109,54,4.98,782,2.09,"no",-2.2,38,3.8,"north","no",22,4,14.3,125
"3",3,3,3,3,3,90,56,4.84,569,1.99,"no",-1,67,4.2,"south","no",1,2,13.9,147
"4",4,4,4,4,4,114,63,5.24,535,2.19,"no",-0.3,58,3.5,"north","no",10,3,10.4,104
"5",5,5,5,5,5,116,30,5.01,663,2.33,"no",-2.6,77,4.2,"south","no",1,3,11.9,94
"6",6,6,6,6,6,137,62,4.79,435,2.05,"no",-0.9,97,2.6,"north","no",1,5,9.5,111
"7",7,7,7,7,7,114,57,4.96,418,2,"no",-1.5,57,4.2,"north","yes",1,5,9.8,148
"8",8,8,8,8,8,102,63,5.39,630,2.05,"no",-0.6,75,3.1,"north","no",2,2,15.4,119
"9",9,9,9,9,9,98,70,5.14,480,1.71,"no",-0.2,92,3.9,"north","no",5,5,11.9,139
"10",10,10,10,10,10,99,52,5.05,663,2,"no",-1.2,74,4.3,"south","no",1,2,14,130
"11",11,11,11,11,11,112,47,5.04,494,2.07,"no",-1.2,102,3.4,"south","no",2,3,13.5,121
"12",12,12,12,12,12,109,-11,4.25,22,1.62,"no",-1.3,52,4,"south","yes",0,5,4.5,263
"13",13,13,13,13,13,108,33,4.85,591,2.11,"no",-2.6,52,4.3,"north","no",0,3,10,161
"14",14,14,14,14,14,104,43,4.83,679,2.24,"no",-2.7,59,4.5,"south","no",0,2,16.3,111
"15",15,15,15,15,15,118,33,5.15,599,2.15,"no",-1.4,70,5,"south","no",2,3,14.8,125
"16",16,16,16,16,16,113,65,5.22,509,2.21,"no",0.9,113,3.2,"north","no",9,4,15.5,83
"17",17,17,17,17,17,107,74,5.21,466,1.73,"no",-0.9,57,4.3,"south","no",1,2,10.3,122
"18",18,18,18,18,18,110,35,5.07,579,2.15,"no",-1.7,56,4.2,"south","no",1,3,10.6,117
"19",19,19,19,19,19,116,36,4.75,282,1.81,"no",-1.3,33,4.4,"north","yes",0,5,5,164
"20",20,20,20,20,20,102,46,5.15,745,2.19,"no",-1.5,36,4.3,"south","no",3,1,16.7,108
"21",21,21,21,21,21,109,38,4.88,425,1.97,"no",-2.1,35,4.4,"south","no",0,4,9.1,147
"22",22,22,22,22,22,114,51,4.86,351,1.97,"no",0.6,84,4.1,"north","no",1,4,10.1,167
"23",23,23,23,23,23,101,61,4.93,312,1.75,"no",-0.3,74,3.5,"south","no",0,5,8.8,129
"24",24,24,24,24,24,108,56,5.07,556,2.09,"no",-1.5,94,4.1,"south","no",1,3,16.6,120
"25",25,25,25,25,25,106,31,4.94,697,2.48,"no",-3,45,4.8,"north","no",1,2,8.5,79
"26",26,26,26,26,26,107,36,5.01,167,1.67,"no",0.1,31,4.5,"south","no",0,4,8,127
"27",27,27,27,27,27,106,62,5,463,1.93,"no",-1.3,46,4,"south","no",0,3,10.1,134
"28",28,28,28,28,28,111,41,5.01,378,1.93,"no",-2.3,84,3.6,"north","no",0,5,9.4,128
"29",29,29,29,29,29,104,47,4.92,352,1.67,"no",-1.9,53,3.6,"north","yes",0,5,7.6,151
"30",30,30,30,30,30,117,42,4.98,568,2.1,"no",-2.3,58,3.5,"north","no",0,2,11.1,110
"31",31,31,31,31,31,129,45,5.28,616,2.24,"yes",-1.5,75,3.1,"north","no",10,3,9.1,122
"32",32,32,32,32,32,107,50,5.23,461,1.84,"no",-0.5,73,3.8,"south","no",1,3,10.7,130
"33",33,33,33,33,33,107,48,5.02,452,1.92,"no",-1.1,44,3.3,"north","no",2,4,10,128
"34",34,34,34,34,34,94,72,5.11,518,1.83,"no",0.8,36,3.8,"north","no",1,3,11.4,116
"35",35,35,35,35,35,103,32,4.66,600,2.26,"no",-2.5,56,5,"south","no",0,3,10.1,154
"36",36,36,36,36,36,109,42,4.69,356,1.68,"no",-1.3,24,4,"north","no",0,4,6.9,194
"37",37,37,37,37,37,114,26,4.74,215,1.78,"no",-0.6,97,4.3,"north","no",0,5,7.2,225
"38",38,38,38,38,38,109,48,5.19,554,1.94,"no",-3.1,82,3.2,"south","yes",1,5,10.4,113
"39",39,39,39,39,39,107,42,4.81,339,2.14,"no",-2.2,52,4.1,"south","no",0,4,9.7,108
"40",40,40,40,40,40,118,60,5.26,708,1.99,"no",0.5,93,3.6,"south","no",40,3,16.1,122
"41",41,41,41,41,41,112,47,4.77,473,2.04,"no",-1.8,72,3.8,"south","no",0,3,10.6,158
"42",42,42,42,42,42,103,31,4.88,354,2.05,"no",-2.4,41,4.2,"south","no",0,4,9.7,121
"43",43,43,43,43,43,112,47,5.18,729,2.1,"no",-1.6,97,3.7,"south","no",2,2,12.1,127
"44",44,44,44,44,44,115,49,5.04,783,2.25,"no",-2.5,61,4,"north","no",2,4,10.2,103
"45",45,45,45,45,45,128,60,5.01,693,2.07,"no",-1.3,58,3.6,"north","no",1,3,10,123
"46",46,46,46,46,46,113,25,4.65,236,1.85,"no",-1.4,93,3.3,"north","yes",0,5,7,173
"47",47,47,47,47,47,113,67,5.26,695,2.19,"yes",-0.2,57,3,"south","no",12,2,12.8,97
"48",48,48,48,48,48,120,16,4.58,396,2.14,"no",-2.9,33,3.9,"south","no",0,5,7.5,156
"49",49,49,49,49,49,115,66,5.05,585,2.05,"no",-0.8,57,4,"south","no",0,2,8.5,110
"50",50,50,50,50,50,112,55,4.8,422,1.67,"no",-0.8,71,3.9,"north","yes",1,5,8.4,168
"51",51,51,51,51,51,103,76,5.11,509,1.78,"no",-0.4,51,4,"south","no",1,3,9.4,127
"52",52,52,52,52,52,112,51,4.95,442,1.62,"no",-1.9,41,4.6,"south","no",1,5,5.4,153
"53",53,53,53,53,53,116,63,4.98,426,1.77,"no",-0.9,45,3.7,"north","no",0,5,7.4,125
"54",54,54,54,54,54,104,28,4.88,357,1.83,"no",-2,65,4.4,"north","no",0,5,8.6,185
"55",55,55,55,55,55,119,44,4.79,270,1.95,"no",-0.4,51,4.1,"south","no",0,4,8.1,152
"56",56,56,56,56,56,109,43,4.89,394,1.79,"no",-2.5,70,3.8,"south","no",0,5,8.9,164
"57",57,57,57,57,57,120,68,5.15,670,1.97,"no",-0.5,31,4.5,"south","no",2,4,9.6,110
"58",58,58,58,58,58,111,48,4.94,509,1.83,"no",-1.2,35,4.5,"south","no",1,4,12.5,165
"59",59,59,59,59,59,112,54,4.93,450,1.9,"no",-0.9,71,3.3,"south","no",0,4,9.6,127
"60",60,60,60,60,60,111,17,4.72,238,2.02,"no",-2,67,3.5,"south","no",0,5,7.5,145
"61",61,61,61,61,61,105,37,5.16,685,2.5,"no",-1.3,53,5.7,"south","no",21,0,24.2,113
"62",62,62,62,62,62,110,46,5.06,567,2.13,"no",-1.5,43,2.9,"north","no",3,3,14.6,92
"63",63,63,63,63,63,99,44,4.87,464,2.07,"no",-1.5,33,4.6,"south","no",0,3,9.8,148
"64",64,64,64,64,64,91,39,5.07,226,1.86,"no",0.3,16,5.1,"south","no",0,2,11,124
"65",65,65,65,65,65,113,67,4.89,462,2.04,"no",-0.5,85,4,"south","no",3,3,14.1,141
"66",66,66,66,66,66,109,39,4.77,420,2.21,"no",-1.3,56,4.1,"north","yes",0,4,12.4,135
"67",67,67,67,67,67,94,43,5.12,464,1.89,"no",-0.5,42,4.6,"north","yes",0,4,13.4,160
"68",68,68,68,68,68,123,45,4.95,589,2.39,"no",-1.5,65,5.3,"south","no",3,2,11.2,126
"69",69,69,69,69,69,109,56,5.29,410,1.74,"no",1.2,69,3.9,"north","no",0,5,9.6,120
"70",70,70,70,70,70,106,24,4.94,416,2.07,"no",-2,36,4.2,"south","no",0,2,11.4,155
"71",71,71,71,71,71,105,60,5.1,441,1.91,"no",-0.2,33,4.2,"north","no",0,3,10.1,119
"72",72,72,72,72,72,121,45,5.12,440,2.21,"no",-0.8,82,3.8,"south","no",1,3,9.2,102
"73",73,73,73,73,73,99,-2,4.51,143,1.74,"no",-1.4,45,4.3,"north","yes",0,5,4.4,252
"74",74,74,74,74,74,104,68,4.96,300,1.41,"no",1.4,34,5.8,"south","no",1,4,6.3,168
"75",75,75,75,75,75,120,76,4.93,629,2.23,"no",0,62,3.3,"north","no",2,2,9.1,76
"76",76,76,76,76,76,105,56,5.04,287,1.52,"no",0.8,38,5.2,"south","no",0,4,6.2,147
"77",77,77,77,77,77,110,36,5.16,359,1.8,"no",-1,54,4.2,"south","no",1,5,8.6,136
"78",78,78,78,78,78,109,56,5.23,530,2,"no",0.1,64,3.9,"north","no",22,3,20.8,144
"79",79,79,79,79,79,107,73,5.09,661,2.09,"no",-1,113,2.7,"north","no",6,4,16.4,101
"80",80,80,80,80,80,106,46,4.82,472,2.03,"no",-1.7,97,4,"south","no",0,3,10.3,152
"81",81,81,81,81,81,108,40,4.73,273,1.76,"no",-0.6,53,4.7,"north","no",0,5,5.6,220
"82",82,82,82,82,82,109,77,5.27,669,2.03,"yes",-0.7,56,3,"north","no",8,3,11.8,116
"83",83,83,83,83,83,109,51,4.93,510,2.23,"no",-2.1,70,4.3,"south","no",3,2,10.7,129
"84",84,84,84,84,84,113,45,4.88,333,1.84,"no",-1.7,39,3.7,"north","no",0,5,6.8,153
"85",85,85,85,85,85,106,56,4.88,458,2.24,"no",-0.5,58,5,"north","no",1,2,13.8,135
"86",86,86,86,86,86,119,67,5.03,453,1.87,"no",-1.1,76,4.1,"south","no",1,4,8.7,123
"87",87,87,87,87,87,112,67,4.9,510,1.84,"no",-0.7,41,4.3,"north","no",1,3,8.9,149
"88",88,88,88,88,88,109,63,5.2,704,1.91,"no",-1,51,2.9,"north","yes",14,4,19.5,105
"89",89,89,89,89,89,97,57,4.88,366,1.64,"no",0.1,16,4.8,"south","no",0,4,5.4,158
"90",90,90,90,90,90,109,58,5,583,2.13,"no",-3.6,51,3.7,"south","no",9,3,10.8,94
"91",91,91,91,91,91,104,43,4.74,468,2.25,"no",-1.5,66,4.9,"south","no",1,2,25.5,166
"92",92,92,92,92,92,112,60,4.92,711,2.1,"no",-1.8,71,3.3,"south","no",8,2,21.3,104
"93",93,93,93,93,93,102,34,4.89,468,1.95,"no",-3.6,58,3.8,"north","no",0,5,7.1,134
"94",94,94,94,94,94,112,53,5.09,708,2.22,"no",-1,78,4.1,"south","no",30,2,25.9,114
"95",95,95,95,95,95,124,53,5.13,453,2.1,"no",-0.5,68,3.9,"south","no",3,4,9.2,130
"96",96,96,96,96,96,108,33,4.88,498,2.42,"no",-2.1,70,4.8,"north","no",1,3,13.7,117
"97",97,97,97,97,97,120,59,5.12,533,2.02,"no",-0.3,75,3.8,"north","yes",2,4,14.8,122
"98",98,98,98,98,98,120,48,4.83,368,1.97,"no",-0.9,64,3.5,"south","no",1,2,11.1,125
"99",99,99,99,99,99,111,45,5.21,443,2,"no",-1.1,42,3.8,"south","no",1,4,9.7,115
"100",100,100,100,100,100,119,30,5.11,507,2.25,"no",-2,54,4.5,"north","no",1,2,10.9,120
"101",101,101,101,101,101,97,71,5.12,693,1.91,"no",-1.2,39,4.1,"south","no",2,3,11.1,116
"102",102,102,102,102,102,108,45,5.22,531,2.26,"no",0.1,62,5,"north","no",3,2,21.3,132
"103",103,103,103,103,103,119,50,4.92,531,1.92,"no",-1.6,58,3.1,"north","no",1,5,9.5,129
"104",104,104,104,104,104,110,44,5.15,610,2.26,"no",-0.9,66,4.8,"south","no",7,2,22.1,112
"105",105,105,105,105,105,118,44,5.28,778,2.22,"yes",-1.7,53,2.8,"north","no",32,4,8.8,102
"106",106,106,106,106,106,121,54,4.96,419,1.78,"no",-0.9,64,3.5,"north","no",1,5,7.9,134
"107",107,107,107,107,107,129,40,4.8,676,1.96,"no",-2.7,94,3.3,"north","no",1,5,13.1,154
"108",108,108,108,108,108,96,78,5.21,572,2.13,"no",0.5,53,3.9,"north","no",9,3,13.5,116
"109",109,109,109,109,109,95,58,5.16,610,2.33,"no",-1.2,60,4.2,"north","no",1,2,11.7,94
"110",110,110,110,110,110,98,32,4.96,642,2.31,"no",-2.8,37,5.3,"south","no",2,4,13,117
"111",111,111,111,111,111,118,31,4.85,1484,1.83,"no",-0.6,68,7.4,"south","no",0,4,8.9,178
"112",112,112,112,112,112,109,23,4.89,413,2.3,"no",-1.3,55,5,"north","no",1,2,21.2,143
"113",113,113,113,113,113,114,33,4.93,300,2.08,"no",-0.6,22,5.1,"south","yes",1,4,10.8,142
"114",114,114,114,114,114,102,46,4.92,328,1.98,"no",0.3,67,3.7,"north","yes",2,5,11.9,150
"115",115,115,115,115,115,106,35,5.04,260,1.76,"no",0.4,85,4.9,"south","no",5,5,9.7,177
"116",116,116,116,116,116,106,21,4.96,499,2.41,"no",-2.7,36,5.2,"north","no",0,1,16.5,114
"117",117,117,117,117,117,112,46,5.04,341,1.59,"no",-0.8,35,4,"north","no",0,5,6.7,132
"118",118,118,118,118,118,117,40,4.79,283,1.76,"no",-0.9,46,3.2,"north","no",0,5,7.2,158
"119",119,119,119,119,119,101,73,5.23,499,2.05,"no",1.4,43,4.4,"south","no",3,2,22.2,115
"120",120,120,120,120,120,108,27,4.98,634,2.12,"no",-2.7,103,3.2,"north","no",0,3,20.6,114
"121",121,121,121,121,121,103,58,4.81,311,1.69,"no",0.3,44,4.1,"north","yes",0,3,10.4,176
"122",122,122,122,122,122,119,58,5.06,429,1.98,"no",0.1,56,2.7,"north","no",1,5,7.8,110
"123",123,123,123,123,123,116,61,5.1,670,2.15,"no",0.2,64,3.7,"north","no",11,2,13.3,101
"124",124,124,124,124,124,110,60,5.06,774,2.36,"no",-0.4,70,4.6,"south","no",6,1,11.9,91
"125",125,125,125,125,125,106,68,4.95,568,1.97,"no",-0.6,85,3.4,"south","no",3,5,9.5,119
"126",126,126,126,126,126,98,33,4.82,317,1.8,"no",-1.5,53,4.2,"north","yes",0,5,5.8,170
"127",127,127,127,127,127,101,49,5.06,415,1.97,"no",0.1,42,4.1,"north","no",1,5,9.7,125
"128",128,128,128,128,128,106,58,4.93,690,2.38,"no",0.1,115,4.5,"south","no",7,0,54.6,112
"129",129,129,129,129,129,124,62,5.03,548,2.04,"no",-0.6,78,3.9,"south","no",3,2,10.4,122
"130",130,130,130,130,130,115,56,4.87,489,2.33,"no",-0.9,87,4,"south","no",13,2,20.2,128
"131",131,131,131,131,131,114,22,4.65,205,1.81,"no",-0.3,58,4.6,"south","no",0,5,6.5,213
"132",132,132,132,132,132,117,74,5.31,526,1.88,"no",1.5,82,3.5,"south","no",4,2,22.1,106
"133",133,133,133,133,133,125,53,4.94,465,1.85,"no",-2.3,60,3.5,"south","no",0,4,8.2,132
"134",134,134,134,134,134,107,12,4.73,230,1.85,"no",-1.1,73,4.1,"south","yes",0,5,8.4,200
"135",135,135,135,135,135,111,61,5.05,607,2.27,"no",-0.6,70,3.5,"north","no",2,2,11.3,77
"136",136,136,136,136,136,116,65,5.13,546,1.9,"no",-1.5,76,2.6,"north","no",15,5,11.5,123
"137",137,137,137,137,137,104,71,5.08,591,1.95,"no",-0.2,63,3.2,"north","no",1,2,12.7,102
"138",138,138,138,138,138,113,43,4.93,346,1.94,"no",0.2,61,4.5,"south","yes",0,5,9.5,175
"139",139,139,139,139,139,117,34,4.97,311,1.9,"no",-1,54,4.5,"south","no",0,5,7.4,141
"140",140,140,140,140,140,104,69,5.13,657,1.91,"no",0.5,69,4.3,"south","no",2,2,17.3,132
"141",141,141,141,141,141,116,30,4.72,394,2.08,"no",-2.3,59,4.8,"south","no",0,4,8.8,179
"142",142,142,142,142,142,94,64,5.15,416,1.96,"no",0.2,74,4.7,"south","no",5,5,12.4,132
"143",143,143,143,143,143,102,39,4.87,452,2.01,"no",-1.9,66,3.4,"south","no",0,5,8.4,134
"144",144,144,144,144,144,98,60,4.73,513,2.13,"no",-1.9,84,3.3,"north","no",0,4,11.6,128
"145",145,145,145,145,145,121,71,5.12,416,1.73,"no",0.5,59,3.3,"north","no",1,5,9.5,109
"146",146,146,146,146,146,110,49,5.15,402,1.7,"no",0.1,12,5.1,"north","no",0,5,3.8,134
"147",147,147,147,147,147,121,50,5.18,525,1.83,"no",-1.2,77,3.1,"north","no",6,3,14.5,146
"148",148,148,148,148,148,91,47,5.15,629,1.94,"no",-1.8,70,4.5,"south","no",5,4,13.8,139
"149",149,149,149,149,149,119,30,5.06,630,2.32,"no",-3.5,48,4.4,"south","no",2,2,11.7,121
"150",150,150,150,150,150,107,58,4.88,660,2.04,"no",-3,59,3.5,"north","no",2,5,9.4,98
"151",151,151,151,151,151,102,34,5.14,603,2.14,"no",-1.2,74,4.2,"north","yes",5,5,15.7,129
"152",152,152,152,152,152,109,51,4.71,412,1.93,"no",-2.1,67,3.4,"north","no",0,4,9.4,157
"153",153,153,153,153,153,103,33,5.03,473,1.99,"no",-2.4,65,4.5,"south","no",1,5,11.4,149
"154",154,154,154,154,154,108,38,4.99,547,2.15,"no",-1.8,61,4.4,"south","no",1,4,9.4,129
"155",155,155,155,155,155,117,64,5.18,483,1.99,"no",0.2,39,4.1,"south","no",1,4,8.8,106
"156",156,156,156,156,156,118,49,4.94,658,2.19,"no",-2.3,69,3.3,"north","no",2,3,12.2,87
"157",157,157,157,157,157,113,49,5.05,681,1.97,"no",-2.1,43,4.8,"south","no",2,3,11.8,149
"158",158,158,158,158,158,102,54,5.09,467,1.82,"no",-1.1,47,4.1,"south","no",0,4,7.4,113
"159",159,159,159,159,159,100,47,5.19,595,2.14,"no",-0.6,56,4.9,"north","no",1,2,20.2,120
"160",160,160,160,160,160,126,54,5.04,686,1.99,"no",-0.9,84,3.6,"north","no",1,3,10.3,138
"161",161,161,161,161,161,112,45,5.1,423,1.74,"no",-1.1,72,3.9,"north","no",0,5,7.1,124
"162",162,162,162,162,162,112,49,4.89,401,1.66,"no",-2.2,47,3.6,"south","no",0,4,8.2,144
"163",163,163,163,163,163,100,40,5,388,1.86,"no",-0.9,36,4.4,"south","no",0,4,10.7,146
"164",164,164,164,164,164,118,44,4.77,295,2.16,"no",-0.1,65,3.9,"north","yes",0,5,10.2,124
"165",165,165,165,165,165,128,29,4.66,209,1.96,"no",-1.5,40,3.3,"south","no",1,5,6.5,139
"166",166,166,166,166,166,109,60,5,387,1.8,"no",-0.1,43,3.9,"north","no",0,4,9.2,123
"167",167,167,167,167,167,121,34,5,521,2.1,"no",-2.9,65,3.4,"north","no",1,5,10.2,113
"168",168,168,168,168,168,101,41,5.05,501,2.01,"no",-1.8,57,4,"north","no",1,4,11.6,137
"169",169,169,169,169,169,113,71,5.34,466,1.82,"no",1.2,80,4.2,"south","no",3,3,12.8,109
"170",170,170,170,170,170,112,47,4.94,849,2.34,"yes",-0.4,48,4.1,"north","no",4,0,11.2,79
"171",171,171,171,171,171,98,57,4.93,552,1.91,"no",-1.9,77,4.1,"south","no",7,5,11.6,156
"172",172,172,172,172,172,115,63,5.05,404,1.65,"no",-1,75,3.3,"south","no",0,4,9.7,114
"173",173,173,173,173,173,112,39,4.75,529,2.34,"no",-2.4,52,4.8,"north","yes",0,2,20.5,134
"174",174,174,174,174,174,98,38,4.92,417,2.08,"no",-1.2,49,4.3,"south","no",0,3,13.6,139
"175",175,175,175,175,175,116,43,5.14,776,1.93,"no",-1.8,59,4.4,"south","no",1,3,9.3,113
"176",176,176,176,176,176,107,63,5.42,449,1.99,"no",0.7,69,4.2,"south","no",1,3,12.3,109
"177",177,177,177,177,177,115,44,4.92,653,2.51,"no",-1.4,106,4.6,"north","no",7,2,17,84
"178",178,178,178,178,178,128,57,5.05,543,1.77,"no",-0.8,90,3.5,"south","no",3,5,8.1,125
"179",179,179,179,179,179,104,53,4.96,809,2.4,"no",-1.6,76,5,"south","no",60,1,19,100
"180",180,180,180,180,180,104,19,4.96,386,1.82,"no",-1.4,32,4,"north","no",0,5,5.5,163
"181",181,181,181,181,181,96,47,5.25,618,2.23,"no",-1.3,70,3.7,"south","no",7,3,12,114
"182",182,182,182,182,182,116,34,4.99,437,2.01,"no",-1.8,53,4,"south","no",1,4,11.3,135
"183",183,183,183,183,183,108,41,4.69,682,2.55,"no",-2.6,62,4.7,"north","no",0,0,11.2,70
"184",184,184,184,184,184,118,49,5.06,669,2.11,"no",-1.9,59,3.9,"south","no",15,3,11.9,130
"185",185,185,185,185,185,116,55,5.1,669,2.07,"no",-2.5,79,2.8,"north","yes",2,4,13,99
"186",186,186,186,186,186,97,67,4.94,509,2.06,"no",-1,51,4.1,"south","no",1,3,13.2,115
"187",187,187,187,187,187,109,50,4.92,298,1.67,"no",-1.1,30,4.5,"south","no",0,4,7.6,156
"188",188,188,188,188,188,115,58,5.06,561,2.08,"no",-0.9,61,3.3,"north","no",1,4,8.1,101
"189",189,189,189,189,189,108,37,5.08,317,1.67,"no",-0.9,38,4.5,"north","yes",0,5,8.5,138
"190",190,190,190,190,190,108,42,5.02,443,2.03,"no",-0.7,64,3.9,"south","no",0,2,9.4,144
"191",191,191,191,191,191,106,51,5.17,562,2.06,"no",-1,56,3.6,"north","no",0,4,8.3,94
"192",192,192,192,192,192,112,44,5.1,591,1.82,"no",-2.1,51,3.8,"south","no",0,5,9.4,118
"193",193,193,193,193,193,118,55,5.16,411,2.13,"no",0.9,65,3.6,"north","no",1,3,8.9,94
"194",194,194,194,194,194,108,65,5.05,617,2.15,"no",-0.4,72,3.5,"north","no",3,3,10,81
"195",195,195,195,195,195,107,62,5.13,392,1.87,"no",-0.2,49,4.1,"south","no",2,5,11.6,139
"196",196,196,196,196,196,116,61,5.04,525,2.13,"no",-1.1,93,3.2,"south","no",3,2,13.2,109
"197",197,197,197,197,197,108,46,5.03,367,2,"no",0.2,64,3.2,"north","yes",1,5,14,128
"198",198,198,198,198,198,106,71,5.09,384,1.72,"no",-0.2,29,3.1,"north","no",1,5,9,104
"199",199,199,199,199,199,107,11,4.74,83,1.41,"no",-0.8,34,4.8,"north","yes",0,5,4.1,215
"200",200,200,200,200,200,106,41,5.19,448,1.66,"no",-1.2,32,4.6,"north","no",0,5,6,130
"201",201,201,201,201,201,107,45,5.12,526,2.04,"no",-1.2,62,4.3,"south","no",0,5,8.7,112
"202",202,202,202,202,202,115,67,5.2,546,1.77,"no",-1,94,4,"south","no",2,3,8.6,128
"203",203,203,203,203,203,90,56,5.11,655,2.16,"no",-2,22,3.7,"north","no",0,2,10.5,90
"204",204,204,204,204,204,111,73,5.23,725,2.31,"yes",0.3,77,4.4,"south","no",18,1,14.9,109
"205",205,205,205,205,205,113,49,4.9,452,2.09,"no",-1.2,66,4.3,"north","yes",3,4,15.7,159
"206",206,206,206,206,206,109,50,4.77,596,2.16,"no",-1.5,54,3.8,"south","no",1,5,8.5,120
"207",207,207,207,207,207,107,81,5.02,454,1.87,"no",0.4,92,3.3,"south","no",5,2,23.4,123
"208",208,208,208,208,208,105,54,5.05,496,1.97,"no",-1.3,60,3.9,"north","no",0,3,9.9,129
"209",209,209,209,209,209,116,66,5.28,611,2,"no",-0.1,61,3.2,"north","no",3,2,13.5,103
"210",210,210,210,210,210,117,66,4.77,562,2.03,"no",-1.7,73,2.6,"north","no",2,4,9.1,100
"211",211,211,211,211,211,104,26,4.89,460,1.95,"no",-2.4,32,3.9,"north","no",0,5,9.6,151
"212",212,212,212,212,212,115,44,5.05,399,1.81,"no",-0.8,67,4.4,"south","no",0,4,7.3,151
"213",213,213,213,213,213,110,51,5.21,582,1.96,"no",-1.6,68,3.9,"north","no",2,5,9.6,130
"214",214,214,214,214,214,120,13,4.64,171,1.72,"no",-0.9,60,4.3,"south","yes",0,5,5.8,208
"215",215,215,215,215,215,105,37,4.92,323,2.28,"no",0.1,63,4.9,"south","no",0,3,10,92
"216",216,216,216,216,216,121,16,4.74,242,1.75,"no",0.1,42,4.2,"north","yes",0,5,3.9,218
"217",217,217,217,217,217,105,30,4.98,460,2.03,"no",-2.3,41,3.9,"north","no",0,5,7.4,132
"218",218,218,218,218,218,129,43,4.7,349,1.96,"no",-2.1,83,3.1,"north","no",1,4,10.1,160
"219",219,219,219,219,219,119,51,4.99,485,2.06,"no",0.3,52,4,"north","no",1,4,10.6,125
"220",220,220,220,220,220,98,72,4.94,480,2.06,"no",-0.4,46,3.4,"north","no",0,3,10.5,96
"221",221,221,221,221,221,112,27,4.49,246,2.03,"no",-2,85,4.2,"south","no",0,4,8.5,209
"222",222,222,222,222,222,110,42,4.79,483,2.12,"no",-3.4,76,3.3,"north","no",0,5,8.5,115
"223",223,223,223,223,223,110,55,5.11,713,1.94,"no",-1.6,44,3.5,"north","no",0,5,8.8,112
"224",224,224,224,224,224,98,24,5.17,440,2.01,"no",-1.5,23,4.8,"south","no",0,4,14.3,130
"225",225,225,225,225,225,110,47,5.11,665,2.27,"no",-1.5,65,3.4,"north","no",2,3,10.7,69
"226",226,226,226,226,226,118,43,4.99,483,1.95,"no",-0.6,78,4,"north","no",1,4,10.2,166
"227",227,227,227,227,227,98,29,5.15,860,2.59,"yes",-0.5,61,5.7,"north","no",176,1,33.3,83
"228",228,228,228,228,228,111,63,5.1,599,1.89,"no",-2.1,44,3.7,"south","no",5,4,10.7,134
"229",229,229,229,229,229,122,54,4.87,310,1.75,"no",-1,58,4,"south","no",1,4,8,156
"230",230,230,230,230,230,122,31,5.02,761,1.98,"no",-2,74,3.1,"north","no",2,4,11.8,140
"231",231,231,231,231,231,101,64,5.02,641,2.2,"no",-0.9,54,3.6,"north","no",3,2,12.5,80
"232",232,232,232,232,232,112,37,4.96,494,2.11,"no",-1.3,43,4.6,"south","no",0,3,11.9,140
"233",233,233,233,233,233,100,57,5.12,521,2.05,"no",-0.1,54,4.3,"south","no",4,2,21.1,138
"234",234,234,234,234,234,114,64,5.17,473,1.71,"no",-0.5,64,3.9,"south","no",1,4,9.1,119
"235",235,235,235,235,235,128,35,4.95,759,2.2,"no",-1.8,36,4.9,"north","no",2,2,8.7,124
"236",236,236,236,236,236,114,60,5.16,536,1.71,"no",-2.1,63,3.8,"south","no",9,2,14.2,152
"237",237,237,237,237,237,100,57,5.19,407,1.95,"no",-0.7,53,3.4,"south","no",7,3,18.8,135
"238",238,238,238,238,238,108,39,5.03,636,2,"no",-2.6,66,3.8,"north","no",0,4,9.8,129
"239",239,239,239,239,239,119,42,5.14,363,1.91,"no",0.2,74,4.2,"south","yes",2,4,12,130
"240",240,240,240,240,240,91,34,4.8,419,1.95,"no",-2.2,52,4.5,"north","no",0,5,9,165
"241",241,241,241,241,241,110,63,5.01,428,1.76,"no",-1,37,3.6,"north","no",0,5,5.8,114
"242",242,242,242,242,242,92,86,5.3,755,1.88,"no",1.2,68,4.1,"south","no",61,2,43.5,116
"243",243,243,243,243,243,122,53,5.08,571,1.74,"no",-1.7,60,3.6,"north","no",0,5,8.4,136
"244",244,244,244,244,244,103,27,4.78,343,1.88,"no",-2.1,46,3.6,"north","yes",0,5,8.3,169
"245",245,245,245,245,245,119,41,4.93,444,1.93,"no",-1.2,60,3.2,"north","yes",1,5,8.7,146
"246",246,246,246,246,246,114,39,4.84,422,1.95,"no",-1,57,4,"south","no",1,5,8.8,160
"247",247,247,247,247,247,121,52,4.81,356,1.59,"no",-0.8,36,5.2,"south","no",0,5,2.4,212
"248",248,248,248,248,248,110,54,5.04,581,2.15,"no",-1.7,79,3.6,"south","no",1,3,13.2,127
"249",249,249,249,249,249,116,58,4.97,464,1.8,"no",-2.1,82,3.2,"south","no",4,2,23.6,147
"250",250,250,250,250,250,95,47,4.79,353,2.06,"no",0.1,57,5.2,"south","no",0,2,13.3,175
"251",251,251,251,251,251,108,31,4.75,509,2.25,"no",-2.6,99,3.8,"south","no",0,2,21,134
"252",252,252,252,252,252,102,40,4.51,426,2.35,"no",-2.3,43,4.5,"north","no",0,3,11.8,150
"253",253,253,253,253,253,120,54,5.05,533,2.01,"no",-1.9,42,3.5,"south","no",7,5,10.4,122
"254",254,254,254,254,254,95,52,5.11,676,2.34,"no",-1.1,62,5.2,"south","no",43,2,86.2,121
"255",255,255,255,255,255,110,64,4.97,429,1.81,"no",-0.5,33,4.6,"south","no",1,3,10.2,158
"256",256,256,256,256,256,106,53,5.09,604,2.15,"no",-1.2,78,3.8,"north","no",9,3,17.7,114
"257",257,257,257,257,257,118,44,4.97,481,2.5,"no",-0.2,101,4.7,"north","no",13,2,15.1,107
"258",258,258,258,258,258,98,48,5.23,535,1.88,"no",-1,57,3.6,"north","no",0,5,10,103
"259",259,259,259,259,259,97,41,4.93,339,1.67,"no",-1.7,70,4.6,"south","no",0,5,7.3,174
"260",260,260,260,260,260,105,58,5.21,715,2.22,"no",0,62,3.9,"north","no",8,4,10.3,77
"261",261,261,261,261,261,109,44,5.13,488,1.98,"no",-0.8,83,4.1,"north","yes",6,4,30.4,145
"262",262,262,262,262,262,110,33,4.88,487,2.29,"no",-2.9,80,4.6,"south","no",2,3,23,120
"263",263,263,263,263,263,103,45,5.13,437,1.92,"no",-0.2,70,4.1,"south","no",2,4,15.4,150
"264",264,264,264,264,264,109,32,4.92,447,2.03,"no",-2.4,53,5.1,"south","no",1,3,16.1,197
"265",265,265,265,265,265,111,43,4.94,309,1.68,"no",-0.3,33,3.9,"north","no",0,5,5.9,145
"266",266,266,266,266,266,124,40,4.86,305,1.85,"no",-0.4,58,3.5,"south","no",0,5,5.8,140
"267",267,267,267,267,267,110,29,4.98,560,2.36,"no",-0.9,65,4.6,"south","yes",10,2,41.5,119
"268",268,268,268,268,268,85,45,4.73,411,2.05,"no",-0.7,55,4.5,"north","no",0,5,7.7,153
"269",269,269,269,269,269,97,64,5.22,681,1.96,"no",-0.2,41,3.7,"north","no",0,5,9.9,89
"270",270,270,270,270,270,109,45,5.15,429,1.89,"no",-1.4,35,4,"south","no",0,2,8.6,130
"271",271,271,271,271,271,108,52,4.94,485,2.13,"no",-0.6,37,4.1,"north","no",0,4,8.2,107
"272",272,272,272,272,272,117,45,4.77,448,1.96,"no",-1.9,45,4,"north","no",0,5,6.7,163
"273",273,273,273,273,273,114,65,5.22,527,1.88,"no",-0.9,46,3.6,"south","no",1,2,9.3,111
"274",274,274,274,274,274,115,48,5.14,522,2.25,"no",0,95,4.4,"south","no",7,2,21.1,115
"275",275,275,275,275,275,115,58,5.06,748,2.01,"no",-0.9,86,3.7,"north","yes",4,3,20.9,133
"276",276,276,276,276,276,110,60,4.94,625,2.12,"no",-1.3,67,4.1,"north","yes",2,3,18.7,115
"277",277,277,277,277,277,109,45,5.04,681,2.29,"no",-1.5,84,4.2,"north","no",2,0,87,109
"278",278,278,278,278,278,103,57,5.03,610,1.96,"no",-1.5,49,3.3,"north","no",1,4,8.2,102
"279",279,279,279,279,279,111,36,4.99,292,1.87,"no",0.5,69,4.2,"north","no",1,5,8.9,157
"280",280,280,280,280,280,109,33,4.83,504,2.28,"no",-1.1,76,4.3,"north","no",0,2,15.6,143
"281",281,281,281,281,281,117,39,4.99,460,2.38,"no",-0.3,82,4.6,"north","no",7,2,22.1,109
"282",282,282,282,282,282,103,64,4.93,388,1.94,"no",-0.1,67,3.1,"south","no",22,5,18.8,107
"283",283,283,283,283,283,104,39,5.05,628,2.4,"no",-1.1,41,5,"south","no",1,1,12.7,95
"284",284,284,284,284,284,106,50,5.05,559,2.11,"no",-1.4,55,4.3,"south","no",2,2,11.9,136
"285",285,285,285,285,285,123,53,4.89,464,2.08,"no",-1.7,48,3.4,"north","no",1,3,8.6,107
"286",286,286,286,286,286,109,54,5.04,871,2.09,"no",-1.6,37,4.2,"south","no",16,2,12.5,112
"287",287,287,287,287,287,120,36,4.87,413,2.22,"no",-0.9,82,4.2,"north","yes",0,4,14.2,133
"288",288,288,288,288,288,117,57,5.16,601,2.07,"no",-0.8,39,3.6,"north","no",10,5,11.2,114
"289",289,289,289,289,289,116,59,4.94,508,2.06,"no",-1.3,63,3.3,"north","no",1,5,9.4,117
"290",290,290,290,290,290,113,33,4.75,273,1.88,"no",-0.3,48,4,"north","no",0,5,6.8,183
"291",291,291,291,291,291,110,26,5.09,650,2.3,"no",-1.8,49,4.8,"south","no",1,3,9.7,102
"292",292,292,292,292,292,110,59,4.84,486,2.25,"no",-2,69,3.7,"north","no",1,3,9.7,97
"293",293,293,293,293,293,116,58,5.11,715,2.21,"yes",-0.5,81,3.3,"south","no",15,2,19.2,118
"294",294,294,294,294,294,103,59,5.2,479,2.21,"no",0.2,65,4.3,"south","no",64,2,93.7,142
"295",295,295,295,295,295,104,55,5.14,628,2.18,"no",-0.4,38,3.8,"north","no",3,3,17.9,110
"296",296,296,296,296,296,115,66,4.88,510,2.23,"no",0.3,77,4.2,"south","no",5,0,21.6,134
"297",297,297,297,297,297,114,65,4.81,350,1.79,"no",-0.4,60,3.9,"south","no",0,3,7.8,148
"298",298,298,298,298,298,120,38,4.86,329,1.81,"no",-1.2,55,4,"south","no",0,4,8.8,139
"299",299,299,299,299,299,118,53,5.21,541,1.93,"no",-2.7,62,3.3,"south","no",1,5,9,112
"300",300,300,300,300,300,115,67,4.89,634,2.18,"no",-0.5,94,3.8,"north","no",8,3,16.6,109
"301",301,301,301,301,301,118,74,4.95,515,2.09,"no",-0.4,66,3.1,"north","no",1,4,7.5,99
"302",302,302,302,302,302,107,54,5.19,692,2.39,"yes",-1.9,33,4.1,"north","no",3,1,8.3,80
"303",303,303,303,303,303,114,47,5.07,478,1.93,"no",-1.2,67,4.6,"south","no",2,2,12.4,142
"304",304,304,304,304,304,107,34,4.96,248,1.79,"no",0.9,55,4.9,"south","no",0,5,5.3,165
"305",305,305,305,305,305,108,58,4.9,421,2.05,"no",-1,72,3.3,"north","no",1,5,9.6,117
"306",306,306,306,306,306,100,57,5.03,328,1.53,"no",0.1,36,4.2,"north","no",0,4,7.7,123
"307",307,307,307,307,307,124,37,4.93,348,1.79,"no",-1.9,52,3.9,"south","no",0,5,6.4,158
"308",308,308,308,308,308,97,46,4.88,437,1.91,"no",-2.5,47,4.3,"south","no",0,3,11.3,168
"309",309,309,309,309,309,110,26,4.9,546,2.25,"no",-2.4,40,4.3,"north","no",0,5,10.3,131
"310",310,310,310,310,310,98,27,4.88,327,1.84,"no",-0.7,45,4.9,"north","yes",0,5,7.4,190
"311",311,311,311,311,311,111,54,5.13,558,1.82,"no",-0.9,48,4,"north","no",3,3,10.2,146
"312",312,312,312,312,312,113,62,4.99,584,2.21,"no",-1.9,70,3.4,"south","no",6,2,10.5,105
"313",313,313,313,313,313,117,47,5.09,335,2.08,"no",0,59,4,"south","yes",1,5,10.6,96
"314",314,314,314,314,314,105,74,4.92,362,1.79,"no",0.4,59,4,"south","no",3,2,10.5,165
"315",315,315,315,315,315,104,64,4.99,421,1.9,"no",-0.8,58,3.6,"south","no",0,3,11.2,118
"316",316,316,316,316,316,118,49,5.23,630,1.9,"no",-1.5,43,3.6,"north","no",4,5,11.2,118
"317",317,317,317,317,317,112,65,5.06,788,2.32,"yes",-0.7,90,3.8,"south","no",3,2,10.3,68
"318",318,318,318,318,318,104,43,4.72,608,2.38,"no",-2.2,60,5.2,"south","no",1,2,15.7,139
"319",319,319,319,319,319,103,61,4.81,327,1.63,"no",-0.1,45,4.7,"north","no",0,4,5.6,174
"320",320,320,320,320,320,110,87,5.18,615,1.73,"no",0.3,45,3.5,"north","no",5,4,12,130
"321",321,321,321,321,321,112,44,4.89,324,1.66,"no",-0.3,57,4.1,"north","yes",1,5,6.2,171
"322",322,322,322,322,322,113,56,4.72,439,1.86,"no",-1.7,55,3.8,"south","no",0,3,8.8,168
"323",323,323,323,323,323,99,48,5.42,688,2.11,"no",-0.4,76,4,"north","no",7,3,11.6,114
"324",324,324,324,324,324,109,56,4.71,614,2.19,"no",-1.8,40,4.1,"south","no",0,2,8.6,112
"325",325,325,325,325,325,109,59,5.29,611,2.2,"yes",-2.4,90,3.4,"south","no",9,3,11.5,86
"326",326,326,326,326,326,124,49,5.07,359,1.47,"no",-0.9,69,4,"north","no",1,5,6.4,138
"327",327,327,327,327,327,113,24,4.99,558,2.13,"no",-1.6,57,3.6,"north","no",2,5,9.6,124
"328",328,328,328,328,328,100,41,4.85,406,1.94,"no",-2,29,4.3,"north","no",0,5,6.4,144
"329",329,329,329,329,329,123,36,4.64,217,1.45,"no",-1.6,65,4.7,"north","yes",0,5,2.2,251
"330",330,330,330,330,330,112,62,5.09,546,2.07,"yes",-1.4,63,1.8,"north","no",8,5,8.2,72
"331",331,331,331,331,331,104,39,4.97,438,1.96,"no",-0.7,54,3.6,"north","no",0,5,7.7,126
"332",332,332,332,332,332,109,24,4.72,226,1.69,"no",-0.6,80,4.1,"north","yes",0,5,5.8,200
"333",333,333,333,333,333,109,20,4.94,314,2.23,"no",-0.8,43,5,"south","no",0,2,11,117
"334",334,334,334,334,334,116,52,4.95,392,1.81,"no",-0.8,56,3.5,"south","no",1,4,9.4,145
"335",335,335,335,335,335,105,43,5.03,601,2.17,"no",-1.8,53,4.7,"south","no",1,2,16.1,121
"336",336,336,336,336,336,96,84,5.04,524,2.1,"no",0.7,85,3.2,"south","no",20,2,36.6,103
"337",337,337,337,337,337,111,33,4.89,528,2.22,"no",-1.9,59,4.5,"south","no",1,4,12.5,142
"338",338,338,338,338,338,115,17,4.94,489,2.12,"no",-3.6,54,4.1,"north","no",0,4,8.9,145
"339",339,339,339,339,339,122,61,5.24,706,2.15,"no",-0.8,71,3.4,"north","no",12,2,11.2,105
"340",340,340,340,340,340,114,66,5.03,393,1.91,"no",-0.2,46,3.6,"south","no",1,3,11.8,124
"341",341,341,341,341,341,112,44,4.77,572,2.23,"no",-2,78,3.9,"north","no",0,3,12.9,122
"342",342,342,342,342,342,117,60,4.89,751,2.07,"no",-1.3,77,3,"north","no",1,4,9.3,98
"343",343,343,343,343,343,115,70,4.94,420,1.95,"no",0,49,3.4,"north","no",0,3,11.4,118
"344",344,344,344,344,344,98,66,5.18,651,2,"no",-0.8,62,3.3,"north","no",24,3,30.8,114
"345",345,345,345,345,345,112,66,5.32,555,2.07,"no",1.2,27,4,"north","no",2,2,9,124
"346",346,346,346,346,346,113,52,5.01,526,2.3,"no",0,64,3.9,"north","no",1,2,10.1,94
"347",347,347,347,347,347,114,17,4.65,156,1.92,"no",0.5,36,4.1,"north","no",0,4,9.3,188
"348",348,348,348,348,348,106,47,5.2,376,1.93,"no",0.9,52,4.3,"south","no",1,2,10.6,115
"349",349,349,349,349,349,109,52,4.84,571,1.9,"no",-1.8,62,3.9,"north","no",0,4,10.2,149
"350",350,350,350,350,350,103,66,4.93,488,1.97,"no",-0.2,63,3.7,"north","yes",0,3,13.5,137
"351",351,351,351,351,351,115,48,5.13,557,2.1,"no",-1.5,60,4.4,"north","no",1,3,11.8,115
"352",352,352,352,352,352,106,64,5.24,658,1.85,"no",-1.2,31,3.5,"north","yes",1,4,12.9,109
"353",353,353,353,353,353,112,36,4.93,259,1.72,"no",-0.9,84,3.5,"south","no",0,5,8.4,157
"354",354,354,354,354,354,97,64,4.95,459,1.88,"no",-0.3,61,3.7,"north","yes",4,5,10.3,148
"355",355,355,355,355,355,109,42,4.72,322,2.1,"no",-0.4,40,4.2,"north","no",0,4,9.9,161
"356",356,356,356,356,356,119,56,5.4,570,1.91,"no",-0.1,72,4,"south","no",9,4,13,109
"357",357,357,357,357,357,112,37,4.95,274,1.79,"no",-0.9,58,4.3,"south","yes",1,5,8.9,144
"358",358,358,358,358,358,116,67,4.74,506,2.18,"no",-1,81,4.5,"south","no",4,2,14,152
"359",359,359,359,359,359,119,46,4.92,669,2.27,"no",-1.6,88,3.9,"north","no",6,3,16.1,117
"360",360,360,360,360,360,106,33,4.8,309,2.03,"no",-0.5,62,4.3,"south","no",1,3,12,159
"361",361,361,361,361,361,98,52,4.84,503,1.9,"no",-2.2,40,4.7,"south","yes",2,5,10.9,181
"362",362,362,362,362,362,109,50,4.93,301,1.74,"no",1.3,90,3.9,"south","no",2,5,8.3,154
"363",363,363,363,363,363,119,65,5.12,315,1.54,"no",1.3,37,4.5,"north","no",0,3,6.1,118
"364",364,364,364,364,364,115,45,4.61,446,2.27,"no",-2.5,76,4.2,"south","no",0,2,11.7,133
"365",365,365,365,365,365,113,71,5.24,469,1.75,"no",0.1,64,4.1,"south","no",1,3,11.3,134
"366",366,366,366,366,366,111,71,5.23,516,2.12,"no",1.5,90,4.2,"north","no",2,3,9.8,106
"367",367,367,367,367,367,123,30,4.78,359,1.94,"no",-3,69,3.2,"south","no",0,5,6.7,146
"368",368,368,368,368,368,112,65,5.29,554,1.92,"no",0,75,3.1,"north","yes",4,5,12.7,108
"369",369,369,369,369,369,128,22,4.77,230,1.75,"no",-1.4,28,4,"south","no",0,5,6.6,186
"370",370,370,370,370,370,105,32,4.67,193,1.85,"no",-1.5,54,4.1,"south","no",0,5,7.4,172
"371",371,371,371,371,371,109,57,5.25,392,1.77,"no",0.7,71,3.7,"south","no",0,2,10.2,107
"372",372,372,372,372,372,108,38,4.82,497,2.15,"no",-2.4,45,4.7,"south","no",1,3,13.4,165
"373",373,373,373,373,373,111,72,4.9,373,1.9,"no",0.4,36,3.3,"north","no",1,4,10.2,114
"374",374,374,374,374,374,101,60,5.11,625,2.39,"no",0.4,46,4.6,"north","no",7,0,12.8,102
"375",375,375,375,375,375,106,48,5.08,584,1.93,"no",-2.4,48,3.8,"south","no",1,2,10.4,118
"376",376,376,376,376,376,114,73,5.23,657,2.05,"no",0.3,80,3.4,"north","no",19,2,24.8,120
"377",377,377,377,377,377,100,57,5.07,622,1.97,"no",-1.9,49,4.4,"south","no",1,2,15.1,131
"378",378,378,378,378,378,110,29,4.87,368,2.07,"no",-0.4,75,5.1,"south","no",0,2,10.6,175
"379",379,379,379,379,379,110,25,4.96,581,2.08,"no",-2.4,49,4.7,"north","no",0,5,7.7,136
"380",380,380,380,380,380,124,52,4.91,370,1.78,"no",-0.6,79,3.4,"north","no",0,4,9.9,179
"381",381,381,381,381,381,111,43,4.64,549,2.19,"no",-3.5,58,5.2,"south","no",0,2,14.4,180
"382",382,382,382,382,382,100,49,5.1,646,2.21,"no",-1.7,85,3.8,"north","no",2,3,16.4,84
"383",383,383,383,383,383,121,67,5.04,649,2.11,"no",-1.6,45,3.8,"south","no",21,2,10.2,114
"384",384,384,384,384,384,105,47,5.14,689,2.32,"no",-1,56,4.2,"north","no",16,2,14.3,111
"385",385,385,385,385,385,100,37,4.94,511,2.21,"no",-1.6,47,4.6,"north","no",0,3,11.9,111
"386",386,386,386,386,386,106,54,4.91,657,2.24,"no",-2.1,92,4.4,"north","no",2,3,21.2,129
"387",387,387,387,387,387,99,53,5.33,444,1.77,"no",0,43,4.9,"south","no",0,3,12.2,125
"388",388,388,388,388,388,119,53,5.02,521,1.95,"no",-0.6,59,3.7,"south","no",1,4,8,141
"389",389,389,389,389,389,114,60,4.98,628,2.12,"no",-0.5,58,4.1,"south","no",3,3,9.1,99
"390",390,390,390,390,390,126,47,5.02,673,2.34,"no",-1.8,90,3.8,"south","no",4,3,9,87
"391",391,391,391,391,391,112,65,5.16,659,2.14,"no",-1.5,60,3.5,"south","no",25,4,11.3,98
"392",392,392,392,392,392,97,54,4.99,335,1.83,"no",-1,36,4.1,"south","yes",0,5,10.4,121
"393",393,393,393,393,393,108,43,5.28,555,2.02,"no",-1.4,65,4.5,"south","no",4,4,14.8,125
"394",394,394,394,394,394,104,70,5.16,818,2.33,"yes",0.4,64,4.6,"south","no",32,1,17.2,90
"395",395,395,395,395,395,109,19,4.72,189,1.71,"no",-0.5,59,4,"north","yes",0,5,6.6,188
"396",396,396,396,396,396,98,41,5,393,2.08,"no",-1.7,54,2.9,"north","no",0,5,6.9,90
"397",397,397,397,397,397,111,26,4.74,331,1.77,"no",-2.4,28,5.4,"south","yes",0,5,4.6,240
"398",398,398,398,398,398,113,25,4.69,542,2.28,"no",-2.3,76,5.3,"north","no",0,2,19.9,192
"399",399,399,399,399,399,109,53,5.18,499,1.91,"no",-0.9,62,3.8,"south","no",0,3,10.6,111
"400",400,400,400,400,400,110,57,5.29,648,2.03,"no",-0.9,77,3.3,"north","no",6,4,10.8,121
"401",401,401,401,401,401,108,65,5.13,515,1.94,"no",-0.2,49,4,"north","no",2,3,10.1,116
"402",402,402,402,402,402,109,69,4.9,670,2.2,"no",-0.3,53,3.7,"north","no",9,1,16.4,106
"403",403,403,403,403,403,106,39,4.74,542,2.18,"no",-2,37,4.6,"north","no",0,5,9.3,159
"404",404,404,404,404,404,107,33,4.77,464,2.19,"no",-1.4,83,3.9,"south","no",0,5,10.6,136
"405",405,405,405,405,405,103,28,4.68,207,1.41,"no",-0.7,46,5.8,"north","yes",0,5,1.1,267
"406",406,406,406,406,406,96,41,4.87,580,2.05,"no",-1.9,84,3.8,"south","no",1,4,13.3,133
"407",407,407,407,407,407,103,58,5.12,785,2.46,"yes",-1.7,83,3.8,"north","no",29,2,9.9,64
"408",408,408,408,408,408,114,37,5.1,344,1.8,"no",-0.2,76,3.9,"south","no",2,4,13.9,155
"409",409,409,409,409,409,96,43,5.04,497,1.96,"no",-0.9,69,3.9,"north","no",1,4,12,135
"410",410,410,410,410,410,104,55,5.05,385,1.64,"no",-1.9,40,4.6,"south","no",0,4,6.6,133
"411",411,411,411,411,411,113,18,4.6,165,1.85,"no",0.1,77,4.3,"north","yes",0,5,6.6,229
"412",412,412,412,412,412,108,45,5.03,606,1.91,"no",-3,27,3.5,"south","no",1,4,10.2,100
"413",413,413,413,413,413,110,64,5.11,397,1.82,"no",0.9,51,3.7,"north","no",1,3,12.5,116
"414",414,414,414,414,414,114,41,4.87,427,2.03,"no",-2,65,3.9,"south","no",1,5,9.7,151
"415",415,415,415,415,415,114,13,4.77,256,2.18,"no",-1.7,62,4.9,"south","no",0,5,8.9,154
"416",416,416,416,416,416,102,35,5.11,305,1.74,"no",0.5,60,3.9,"north","yes",0,5,8.7,127
"417",417,417,417,417,417,105,65,4.95,508,2.05,"no",-0.5,50,3.7,"south","no",2,3,11.4,102
"418",418,418,418,418,418,106,51,5.12,431,2.1,"no",0.4,55,4.5,"south","no",1,3,9.3,114
"419",419,419,419,419,419,99,74,5.17,628,1.94,"no",-2,42,3.3,"north","no",1,4,10.1,100
"420",420,420,420,420,420,110,65,4.92,426,1.94,"no",-0.5,28,4.6,"south","no",3,3,10.8,143
"421",421,421,421,421,421,117,9,4.64,109,1.61,"no",0.5,50,4.7,"north","yes",0,5,1.3,214
"422",422,422,422,422,422,104,46,4.86,319,1.78,"no",-1,47,4.1,"north","yes",0,5,8.4,170
"423",423,423,423,423,423,121,22,4.82,575,2.27,"no",-3.4,70,4.3,"south","no",1,3,10.9,136
"424",424,424,424,424,424,118,93,5.04,617,2,"no",-0.4,82,3,"north","no",3,2,23.5,98
"425",425,425,425,425,425,109,54,5.07,423,1.9,"no",-0.6,67,3.9,"south","no",6,5,13.7,152
"426",426,426,426,426,426,112,15,4.68,263,2.11,"no",-2.5,37,4.1,"north","no",0,4,7.3,130
"427",427,427,427,427,427,110,51,4.83,463,2.03,"no",-0.7,45,4.7,"north","no",0,3,8,162
"428",428,428,428,428,428,93,70,5.04,530,1.91,"no",-0.9,68,4.1,"north","no",2,4,13.3,136
"429",429,429,429,429,429,127,59,4.82,665,2.28,"no",-2.4,70,3.4,"north","no",5,2,10,85
"430",430,430,430,430,430,109,43,5.33,636,2.14,"no",-0.8,52,4,"south","no",3,2,25,132
"431",431,431,431,431,431,127,61,5,602,2.13,"no",-1.1,64,3.7,"south","no",3,2,11.7,115
"432",432,432,432,432,432,117,42,5.15,597,2.44,"no",-1.9,49,4.7,"north","no",1,1,9.2,79
"433",433,433,433,433,433,113,44,4.87,529,1.99,"no",-1.5,59,3.5,"north","no",0,3,10.6,149
"434",434,434,434,434,434,109,48,4.95,564,1.99,"no",-1.4,81,3.9,"north","no",0,5,10.9,150
"435",435,435,435,435,435,110,23,4.92,229,1.75,"no",-1,54,4.4,"north","yes",0,5,5.6,162
"436",436,436,436,436,436,123,58,5.12,631,2.04,"no",0.1,92,3.4,"south","no",6,4,14.2,114
"437",437,437,437,437,437,113,57,4.9,332,1.97,"no",1,-7,3.8,"north","no",0,4,7.3,127
"438",438,438,438,438,438,104,52,5.11,598,2.17,"no",-1.3,87,4.6,"south","no",5,3,17.2,135
"439",439,439,439,439,439,104,55,5.11,449,1.83,"no",-0.9,49,4.1,"south","no",0,5,8.2,123
"440",440,440,440,440,440,102,63,5.02,484,1.88,"no",-0.6,31,3.8,"south","no",1,4,9.9,120
"441",441,441,441,441,441,112,58,5.24,626,2,"no",-0.8,59,3,"north","no",17,4,12.3,119
"442",442,442,442,442,442,115,58,4.9,509,2.12,"no",-2.1,79,4.4,"south","no",3,3,11.7,130
"443",443,443,443,443,443,115,38,4.83,185,1.63,"no",0.1,58,4.1,"north","no",0,5,5,170
"444",444,444,444,444,444,119,58,5.13,657,1.82,"no",-1.5,68,3.3,"south","no",9,5,13,113
"445",445,445,445,445,445,106,48,5.11,301,1.51,"no",0.9,35,5.3,"south","no",0,2,7.1,149
"446",446,446,446,446,446,116,54,4.99,468,2.11,"no",0.3,60,4.2,"north","no",0,2,10.3,131
"447",447,447,447,447,447,108,48,4.8,332,1.8,"no",-0.6,90,3.8,"north","no",0,5,8.5,150
"448",448,448,448,448,448,110,50,5,411,1.9,"no",-0.4,36,4.3,"south","no",1,3,10.7,131
"449",449,449,449,449,449,100,50,4.73,219,1.57,"no",-1.7,47,4.2,"south","no",0,4,6.5,167
"450",450,450,450,450,450,120,46,5.19,607,2.24,"no",-1.9,38,4.1,"north","no",5,3,9.4,103
"451",451,451,451,451,451,107,67,5.11,421,1.63,"no",1.2,55,4.3,"north","no",1,3,10.3,152
"452",452,452,452,452,452,117,36,4.87,471,2.21,"no",-1.5,86,4.2,"north","no",0,3,15.5,153
"453",453,453,453,453,453,111,58,5.24,449,1.95,"no",0.2,59,3.7,"south","no",2,4,11.8,117
"454",454,454,454,454,454,105,78,4.89,463,1.95,"no",-0.6,88,3.2,"south","yes",3,5,14.5,116
"455",455,455,455,455,455,122,54,5.24,559,2.08,"no",-0.9,40,3.6,"south","no",1,4,8.2,98
"456",456,456,456,456,456,119,38,4.95,451,2.22,"no",-1.8,75,3.9,"south","no",7,4,10.6,109
"457",457,457,457,457,457,106,82,5.25,666,1.8,"no",1.1,67,3.7,"south","no",4,2,13.3,115
"458",458,458,458,458,458,115,43,5.01,522,2.07,"no",-1.7,49,3.4,"south","no",0,3,8.7,99
"459",459,459,459,459,459,114,53,5.18,495,2.24,"no",-0.5,36,4,"north","no",6,3,11.4,121
"460",460,460,460,460,460,104,75,5,427,1.81,"no",-0.3,50,3.3,"north","no",0,3,9.9,110
"461",461,461,461,461,461,119,58,5.06,520,1.81,"no",-0.7,51,4,"south","no",0,4,7.7,113
"462",462,462,462,462,462,126,61,5.11,525,1.84,"no",-0.5,57,4.6,"south","no",3,3,10.3,147
"463",463,463,463,463,463,95,50,4.85,729,2.59,"no",-0.7,92,6.1,"south","no",8,0,40.1,89
"464",464,464,464,464,464,104,56,5.29,492,1.82,"no",-0.6,73,4.7,"south","no",2,3,11.9,136
"465",465,465,465,465,465,89,48,5,606,1.99,"no",-2.8,49,4.7,"south","no",0,4,10.7,122
"466",466,466,466,466,466,119,49,5.21,594,2.09,"no",-1.1,52,4.4,"south","no",1,2,9.2,103
"467",467,467,467,467,467,101,52,4.96,526,2.06,"no",-0.8,53,4.3,"south","no",1,3,14.4,120
"468",468,468,468,468,468,124,47,4.79,331,1.94,"no",0,52,3.6,"south","no",0,4,8.1,129
"469",469,469,469,469,469,113,46,5.1,573,2.15,"no",-1,57,4.2,"north","no",1,4,9.3,119
"470",470,470,470,470,470,122,58,5.16,542,2.31,"no",0.2,89,4,"south","no",17,1,13.6,117
"471",471,471,471,471,471,105,33,5.01,588,2.2,"no",-2,59,5,"south","no",6,3,24.8,142
"472",472,472,472,472,472,109,29,5.04,308,1.73,"no",-1.2,54,4,"south","yes",0,5,8,149
"473",473,473,473,473,473,100,62,5.26,498,1.88,"no",0.2,47,3.9,"north","no",1,3,11.1,111
"474",474,474,474,474,474,102,33,5.23,753,2.46,"yes",-2.6,77,4.2,"north","no",30,2,14.1,77
"475",475,475,475,475,475,109,54,4.92,600,2.39,"no",-1.4,52,4.2,"north","no",1,2,9.1,58
"476",476,476,476,476,476,97,27,4.83,270,2.06,"no",-1.2,54,5.3,"south","no",0,4,9.7,159
"477",477,477,477,477,477,102,57,5.03,549,2.14,"no",-1.8,60,3.6,"north","no",3,4,12.7,121
"478",478,478,478,478,478,121,10,4.97,374,2.27,"no",-2.5,67,3.4,"south","no",4,4,11.6,121
"479",479,479,479,479,479,108,57,4.94,520,1.92,"no",-1.8,78,3,"north","no",1,3,16,131
"480",480,480,480,480,480,108,72,4.97,718,2.09,"no",0.2,58,3.4,"north","no",2,2,14.4,89
"481",481,481,481,481,481,105,67,4.98,444,1.73,"no",-1.9,69,4.1,"north","no",0,5,7.9,145
"482",482,482,482,482,482,115,74,4.97,440,1.82,"no",-0.1,75,3.3,"north","no",3,4,14.5,141
"483",483,483,483,483,483,107,45,5.02,523,2.14,"no",-1.4,82,3.5,"south","no",2,2,17.8,119
"484",484,484,484,484,484,121,70,5.2,631,1.97,"no",-0.9,78,3.4,"south","no",1,2,14.7,123
"485",485,485,485,485,485,100,51,4.93,364,1.81,"no",-0.9,56,4,"south","yes",1,4,12.6,172
"486",486,486,486,486,486,123,44,4.98,369,1.73,"no",-0.2,57,4.5,"south","yes",1,5,6.3,164
"487",487,487,487,487,487,118,32,4.98,505,1.96,"no",-2.7,95,3.2,"south","no",2,5,10.1,131
"488",488,488,488,488,488,117,46,5.24,565,2.01,"no",-1.2,39,3.8,"north","no",7,4,11.3,114
"489",489,489,489,489,489,108,50,4.88,631,2.16,"no",-2.4,82,3.8,"south","no",3,3,11.7,114
"490",490,490,490,490,490,107,66,5.24,541,1.79,"no",-0.5,57,4.8,"south","no",0,3,10,126
"491",491,491,491,491,491,120,64,4.76,464,2,"no",-1.7,64,3.2,"south","no",0,4,8.5,109
"492",492,492,492,492,492,103,47,4.97,504,2.15,"no",-0.8,47,4.2,"north","no",1,3,10,118
"493",493,493,493,493,493,114,64,5.23,512,1.88,"no",-0.6,64,3.6,"north","no",5,2,15.9,144
"494",494,494,494,494,494,108,42,4.85,597,2.19,"no",-2.1,50,4.6,"south","no",1,2,18.1,160
"495",495,495,495,495,495,111,33,4.92,630,2.12,"no",-2.6,73,4.1,"north","no",0,4,11.1,146
"496",496,496,496,496,496,108,22,4.94,313,2.22,"no",-1.8,65,4.8,"south","no",0,3,11.1,120
"497",497,497,497,497,497,114,44,5.21,404,1.72,"no",0.2,36,4.2,"north","no",0,5,6.6,113
"498",498,498,498,498,498,104,52,5.09,422,1.82,"no",-0.2,34,4.5,"north","no",1,5,7.6,129
"499",499,499,499,499,499,101,80,4.8,543,2.07,"no",-1.1,51,3.7,"north","no",2,3,12.4,125
"500",500,500,500,500,500,119,39,4.95,464,1.93,"no",-2.3,76,3.9,"south","no",1,4,10.3,158
"501",501,501,501,501,501,113,66,4.99,679,2.08,"yes",-1.7,78,2.4,"north","yes",10,3,16.8,95
"502",502,502,502,502,502,95,46,5.02,344,1.81,"no",-0.9,58,3.8,"north","no",0,3,10.5,134
"503",503,503,503,503,503,104,44,4.91,527,2.15,"no",-0.4,60,4.6,"south","no",1,3,12.3,116
"504",504,504,504,504,504,117,61,5.4,522,1.83,"no",-0.6,49,3.7,"north","no",2,4,8,125
"505",505,505,505,505,505,108,65,4.98,558,1.97,"no",-1,52,4.5,"south","no",6,5,8,131
"506",506,506,506,506,506,104,62,5.14,593,1.93,"no",-2.2,83,3.2,"south","no",6,2,29,123
"507",507,507,507,507,507,132,17,4.53,191,1.88,"no",-1.3,83,3.3,"north","yes",0,5,7,217
"508",508,508,508,508,508,109,68,5.12,640,1.93,"no",0,74,3.4,"north","no",21,3,19.6,136
"509",509,509,509,509,509,99,54,5.2,526,1.92,"no",-1.2,49,3.9,"north","no",2,3,11.5,119
"510",510,510,510,510,510,116,65,5.24,539,1.95,"no",-0.6,58,3.4,"south","no",14,4,12.5,118
"511",511,511,511,511,511,110,52,4.9,331,1.76,"no",-0.8,30,4.3,"south","no",1,5,7.5,138
"512",512,512,512,512,512,105,52,5,592,1.99,"no",-0.4,41,4.6,"north","no",0,3,8.9,137
"513",513,513,513,513,513,109,33,4.88,311,2.04,"no",0.3,58,4,"north","yes",0,5,9.7,140
"514",514,514,514,514,514,122,45,4.84,567,2.24,"no",-1.5,56,4.3,"south","no",3,1,11.2,124
"515",515,515,515,515,515,113,66,5.13,628,1.86,"no",-1.1,38,3.3,"north","no",0,4,8.2,110
"516",516,516,516,516,516,113,45,4.75,456,2.34,"no",-1.8,70,4.6,"south","no",4,4,11.8,122
"517",517,517,517,517,517,108,68,4.96,754,2.17,"yes",-0.7,68,3.3,"north","no",2,3,9.9,65
"518",518,518,518,518,518,105,61,4.86,671,2.1,"no",-2.2,66,3.9,"south","no",2,3,10.9,111
"519",519,519,519,519,519,98,43,4.7,291,1.99,"no",0,85,4.2,"north","yes",1,5,14.2,196
"520",520,520,520,520,520,106,45,5.12,468,1.94,"no",-1.5,48,4.6,"south","no",4,4,12.7,148
"521",521,521,521,521,521,106,43,4.96,531,1.94,"no",-2,32,4.4,"north","no",0,4,6.6,136
"522",522,522,522,522,522,119,44,4.91,288,1.88,"no",0,47,4.3,"south","no",0,3,7.4,154
"523",523,523,523,523,523,125,66,5.04,429,1.87,"no",-0.2,64,3.7,"south","no",0,5,7.7,126
"524",524,524,524,524,524,122,43,5.01,385,1.91,"no",-0.3,67,3,"north","no",0,5,9.1,131
"525",525,525,525,525,525,114,38,4.89,841,2.09,"no",-2.2,63,3.4,"south","yes",17,4,22.1,91
"526",526,526,526,526,526,108,59,5.12,389,1.84,"no",-0.6,54,4.2,"north","no",0,4,8.3,122
"527",527,527,527,527,527,112,41,4.69,468,2.02,"no",-2.1,36,4.7,"north","yes",0,5,8.9,202
"528",528,528,528,528,528,100,64,5.1,538,1.8,"no",-0.9,39,3.7,"north","no",1,4,11.7,121
"529",529,529,529,529,529,102,40,4.94,316,1.86,"no",-1.1,63,4.3,"north","no",0,4,9.2,174
"530",530,530,530,530,530,104,66,5.25,483,1.75,"no",-0.2,68,3.6,"south","no",3,4,13.6,116
"531",531,531,531,531,531,109,45,5.17,461,2.07,"no",-0.8,38,4.6,"south","no",0,4,10.6,119
"532",532,532,532,532,532,108,61,5.23,420,1.7,"no",0.4,48,4.2,"south","no",1,3,9.5,131
"533",533,533,533,533,533,113,69,5.11,422,1.88,"no",0.5,54,3.3,"north","no",3,5,9.3,119
"534",534,534,534,534,534,102,53,5.23,660,1.78,"no",-1.3,71,3.4,"south","no",2,4,15.2,125
"535",535,535,535,535,535,113,61,5.08,609,2.09,"no",-1,60,4.5,"south","no",6,2,12.5,133
"536",536,536,536,536,536,105,64,5.15,540,1.76,"no",-1.2,54,3.4,"north","no",4,5,10.8,110
"537",537,537,537,537,537,120,78,4.99,534,1.95,"no",0.3,43,3.5,"south","no",2,3,9.8,97
"538",538,538,538,538,538,102,50,5.06,549,2.19,"no",-1.5,69,3.4,"south","no",1,3,9.9,86
"539",539,539,539,539,539,119,49,5.21,530,1.99,"no",-1.5,84,2.9,"north","no",2,5,8.4,104
"540",540,540,540,540,540,111,44,4.65,399,2.14,"no",-2,65,3.8,"south","no",0,3,9.2,129
"541",541,541,541,541,541,113,66,5.09,600,1.92,"no",-1.3,69,3.6,"south","no",31,2,43.9,147
"542",542,542,542,542,542,99,53,5.28,551,1.89,"no",-0.2,65,4.3,"north","yes",8,5,12.1,122
"543",543,543,543,543,543,95,51,5.01,439,1.96,"no",-0.9,63,3.8,"north","no",0,5,10.8,140
"544",544,544,544,544,544,100,62,5.09,591,2.17,"no",-0.4,74,4.4,"south","no",2,2,42.8,136
"545",545,545,545,545,545,121,13,4.72,277,2.04,"no",-3,53,4.1,"south","no",0,5,8,159
"546",546,546,546,546,546,109,52,5.03,448,1.75,"no",-0.6,53,3.9,"north","yes",0,5,10,145
"547",547,547,547,547,547,105,54,4.8,829,2.54,"yes",-0.9,82,4.5,"north","yes",130,1,24.1,69
"548",548,548,548,548,548,110,42,4.9,453,2.09,"no",-0.5,54,3.8,"north","no",1,3,10.3,144
"549",549,549,549,549,549,113,47,5.07,558,2.28,"no",-0.5,74,3.9,"south","yes",4,4,11.7,81
"550",550,550,550,550,550,111,22,4.55,243,1.88,"no",-1.7,57,4.8,"south","yes",0,4,7,260
"551",551,551,551,551,551,108,55,5.16,582,2.31,"no",0.5,68,4,"south","no",10,3,12.2,85
"552",552,552,552,552,552,113,54,4.91,840,2.21,"yes",-2.2,92,3,"north","no",29,4,11.5,69
"553",553,553,553,553,553,127,43,4.85,387,2.05,"no",-1.3,82,3.3,"north","no",1,5,8.8,135
"554",554,554,554,554,554,126,77,5.06,749,2.14,"yes",0.5,52,3.3,"north","yes",14,2,17.2,90
"555",555,555,555,555,555,116,43,4.84,518,2.19,"no",-2.2,54,4.2,"south","no",1,4,9.5,140
"556",556,556,556,556,556,101,66,4.93,296,1.41,"no",0.1,5,5.3,"south","no",0,4,5.5,145
"557",557,557,557,557,557,109,60,5.14,343,1.57,"no",1.1,4,4.4,"south","no",0,3,6.9,125
"558",558,558,558,558,558,119,55,5.03,562,1.97,"no",-1,69,3.3,"north","no",1,4,9,118
"559",559,559,559,559,559,107,61,5.02,540,1.71,"no",-1.5,34,4.4,"north","no",0,4,7,143
"560",560,560,560,560,560,127,40,4.75,357,2.03,"no",-0.6,57,4.3,"north","yes",1,4,10.7,204
"561",561,561,561,561,561,114,69,4.93,663,2.28,"no",-2.5,81,3.9,"south","no",34,2,20.3,92
"562",562,562,562,562,562,104,54,5.05,384,2.04,"no",-0.1,75,4.1,"south","no",1,3,18.7,141
"563",563,563,563,563,563,117,66,5.21,590,2.22,"no",0.3,97,3.4,"north","no",17,2,12.5,103
"564",564,564,564,564,564,112,62,5.05,321,1.69,"no",-0.3,40,4,"south","no",1,3,8.3,133
"565",565,565,565,565,565,103,60,4.84,637,2.22,"no",-1.9,47,4,"north","no",1,4,9.3,103
"566",566,566,566,566,566,117,50,4.99,275,1.65,"no",0.4,56,3.9,"south","no",0,4,6.8,121
"567",567,567,567,567,567,118,54,4.8,526,1.97,"no",-2.4,65,3.7,"north","no",1,4,11.1,165
"568",568,568,568,568,568,128,26,4.89,481,2.37,"no",-3.9,74,4.8,"south","no",0,2,12,139
"569",569,569,569,569,569,100,58,5.3,503,2.05,"no",-0.6,65,4.1,"south","no",1,4,12.4,107
"570",570,570,570,570,570,107,78,5.16,809,2.2,"yes",-0.5,64,3.5,"south","no",16,2,9.8,83
"571",571,571,571,571,571,111,60,4.99,453,2.16,"no",-1.3,70,4,"north","no",1,2,11.8,117
"572",572,572,572,572,572,99,41,4.78,513,2.18,"no",-2.7,75,3.7,"north","no",1,4,12.6,139
"573",573,573,573,573,573,111,29,4.85,338,2.01,"no",-1.2,95,4.2,"south","no",1,3,17,178
"574",574,574,574,574,574,109,44,4.64,278,1.85,"no",-1,44,4,"north","yes",0,5,7.6,196
"575",575,575,575,575,575,130,70,5.02,653,1.97,"no",-0.6,28,3.2,"south","no",2,3,9,100
"576",576,576,576,576,576,107,61,5.03,642,2.23,"no",-1.5,75,4.2,"south","no",0,1,18.7,91
"577",577,577,577,577,577,96,42,4.76,432,2.1,"no",-1.2,73,4.7,"south","no",1,5,12.2,157
"578",578,578,578,578,578,108,67,5,532,1.92,"no",-0.7,59,3.6,"north","no",0,3,9.9,105
"579",579,579,579,579,579,110,71,5.21,577,1.86,"no",0.1,62,3.8,"south","no",0,4,9.4,100
"580",580,580,580,580,580,103,53,5.29,514,1.96,"no",-0.1,36,4.7,"south","no",1,3,13.1,103
"581",581,581,581,581,581,114,47,4.99,500,2.07,"no",-2.5,51,3.9,"south","no",1,3,11,142
"582",582,582,582,582,582,118,71,5.21,539,1.98,"no",0.2,59,3.9,"south","no",6,3,16.4,125
"583",583,583,583,583,583,104,65,5.1,516,1.85,"no",-1.8,45,3.3,"north","no",0,3,9.2,110
"584",584,584,584,584,584,105,63,5.08,606,1.93,"no",-1.3,51,4.2,"south","no",1,3,10.6,126
"585",585,585,585,585,585,105,33,4.91,473,2.06,"no",-1.9,87,4.2,"north","yes",1,5,18.7,157
"586",586,586,586,586,586,96,56,4.81,496,2.03,"no",-2,71,4.3,"north","yes",1,4,16.7,165
"587",587,587,587,587,587,124,80,5.21,548,1.94,"no",0.2,87,3.9,"south","no",30,2,16.2,135
"588",588,588,588,588,588,106,44,5.04,395,1.87,"no",-0.7,9,3.8,"north","no",0,5,6.8,120
"589",589,589,589,589,589,115,34,4.86,310,1.87,"no",-0.2,98,4,"south","no",1,5,10.7,176
"590",590,590,590,590,590,107,58,5.12,588,2.07,"no",-0.7,61,3.9,"south","no",5,2,22.8,114
"591",591,591,591,591,591,97,44,4.83,530,2.2,"no",-1.8,72,4.5,"south","no",1,2,27.9,149
"592",592,592,592,592,592,101,35,4.75,371,2.11,"no",-1.5,59,4.3,"south","no",0,5,9.8,150
"593",593,593,593,593,593,104,47,5.03,544,2.08,"no",-1.2,64,4.6,"north","no",0,5,8.4,127
"594",594,594,594,594,594,94,33,4.94,336,1.89,"no",-0.8,34,3.9,"south","no",0,3,8.8,142
"595",595,595,595,595,595,106,36,5.02,538,1.97,"no",-2.2,29,3.8,"north","no",0,5,8.8,118
"596",596,596,596,596,596,111,54,5.11,512,1.72,"no",-0.9,48,3.6,"north","no",0,5,7.9,121
"597",597,597,597,597,597,107,77,5.16,484,1.81,"no",1.2,50,4,"north","no",1,4,10.7,133
"598",598,598,598,598,598,108,42,4.82,382,1.79,"no",-1.2,78,4.5,"south","no",0,4,8.1,188
"599",599,599,599,599,599,116,61,5.22,860,1.98,"no",-1,70,3.5,"south","no",8,3,10.9,106
"600",600,600,600,600,600,112,50,4.9,347,1.66,"no",-1.1,71,2.9,"north","yes",1,5,10.4,152
"601",601,601,601,601,601,116,15,4.59,288,2.01,"no",-2.8,49,4.3,"north","yes",0,5,7.8,214
"602",602,602,602,602,602,105,50,4.79,686,2.47,"no",-1.7,83,5.1,"south","no",16,2,17.8,103
"603",603,603,603,603,603,111,58,5.24,634,1.95,"no",-1.4,59,3.6,"south","no",3,2,11.8,131
"604",604,604,604,604,604,106,58,4.96,375,1.94,"no",0.4,61,4.2,"south","no",0,3,9.6,152
"605",605,605,605,605,605,115,61,4.94,533,1.9,"no",-0.2,41,4,"south","no",1,3,9.7,132
"606",606,606,606,606,606,110,65,4.95,628,2.03,"no",-1.1,55,3.7,"south","no",2,4,11.1,108
"607",607,607,607,607,607,119,36,5.09,673,2.38,"no",-2.5,50,4.3,"north","no",6,2,10.5,96
"608",608,608,608,608,608,107,44,4.99,459,1.67,"no",-1.6,54,4.1,"north","no",0,5,7.9,154
"609",609,609,609,609,609,109,57,5.31,518,1.82,"no",0.2,77,3.6,"north","no",1,4,12.9,117
"610",610,610,610,610,610,98,62,5.13,349,1.6,"no",0.3,79,4,"north","no",1,5,9.4,120
"611",611,611,611,611,611,103,51,5.47,555,1.79,"no",-0.1,74,4.6,"north","no",0,3,9.8,100
"612",612,612,612,612,612,109,49,5.02,510,2.14,"no",-0.9,36,3.7,"north","yes",1,4,12.2,119
"613",613,613,613,613,613,109,61,5.28,743,2.1,"no",-0.7,59,3.6,"north","no",2,2,10.6,109
"614",614,614,614,614,614,117,55,4.88,406,1.95,"no",0.3,64,4.3,"north","no",0,3,7.9,153
"615",615,615,615,615,615,110,52,4.69,494,1.86,"no",-1.1,67,3,"north","yes",0,5,8.4,153
"616",616,616,616,616,616,116,56,5.25,601,2.11,"no",-0.6,60,3.7,"south","no",3,4,8.5,109
"617",617,617,617,617,617,111,46,4.77,333,1.94,"no",-2.2,41,2.9,"north","no",0,5,7.6,134
"618",618,618,618,618,618,118,53,4.96,527,2,"no",-0.1,66,3.9,"north","no",2,4,10.4,152
"619",619,619,619,619,619,104,63,5.08,477,1.88,"no",0.5,54,3.6,"north","no",2,4,13.2,115
"620",620,620,620,620,620,115,51,5.27,679,2.18,"yes",-1.4,32,3.9,"south","no",4,3,7.9,98
"621",621,621,621,621,621,120,45,4.75,331,1.92,"no",-0.6,79,2.8,"north","yes",0,5,9.1,146
"622",622,622,622,622,622,118,47,5.35,747,2.3,"yes",-1.7,40,3.9,"south","no",22,3,9.2,108
"623",623,623,623,623,623,116,32,5.05,647,2.19,"no",-3.2,33,4,"south","no",2,3,9.9,93
"624",624,624,624,624,624,107,73,5.34,501,1.89,"no",0.9,51,3.9,"south","no",4,3,11.5,103
"625",625,625,625,625,625,111,35,4.68,534,2.32,"no",-1.8,56,5,"north","yes",0,3,14.6,176
"626",626,626,626,626,626,110,63,5.09,536,1.8,"no",-1.3,35,4.2,"south","no",2,5,9.1,143
"627",627,627,627,627,627,111,67,5.3,450,1.78,"no",1.7,49,3.6,"north","no",2,5,11.1,106
"628",628,628,628,628,628,120,55,4.8,525,1.92,"no",-1.2,83,3.1,"north","no",0,4,9.2,131
"629",629,629,629,629,629,110,42,5.03,670,2.38,"no",-2.3,75,4,"north","no",2,2,14.2,85
"630",630,630,630,630,630,99,32,4.97,222,1.72,"no",0.2,35,5.1,"north","yes",0,5,8.2,179
"631",631,631,631,631,631,113,47,4.95,572,2.2,"no",-1.6,54,4.4,"south","no",5,3,11,136
"632",632,632,632,632,632,119,56,5.06,586,2.11,"no",-0.1,81,3.7,"north","no",19,5,13,130
"633",633,633,633,633,633,98,27,4.91,330,1.77,"no",-0.9,56,4.5,"north","no",0,4,8.8,168
"634",634,634,634,634,634,102,52,5.11,703,2.13,"yes",-2.5,75,2.6,"south","no",2,2,11.5,85
"635",635,635,635,635,635,125,87,5.18,442,1.63,"no",1.1,71,3.2,"north","no",2,4,9.4,128
"636",636,636,636,636,636,109,78,5.14,532,2.01,"no",0.2,80,3.2,"north","no",1,2,14.7,104
"637",637,637,637,637,637,121,45,4.96,579,2.26,"no",-1.1,99,3.8,"south","no",3,2,15.5,115
"638",638,638,638,638,638,109,74,4.93,888,2.19,"yes",-1,46,4.1,"south","no",26,0,18.6,92
"639",639,639,639,639,639,107,93,5.26,505,1.64,"no",0.1,37,4.6,"south","no",2,1,15.6,125
"640",640,640,640,640,640,115,22,4.95,266,1.74,"no",0.1,29,4.4,"south","no",0,5,6.3,163
"641",641,641,641,641,641,105,58,5.11,550,2.12,"no",0.2,26,5,"south","yes",5,2,17.9,127
"642",642,642,642,642,642,113,35,5.17,334,1.65,"no",-2.6,43,3.4,"north","no",0,5,7.9,109
"643",643,643,643,643,643,98,37,4.92,373,2.17,"no",-2,64,3.9,"south","no",2,2,29.2,123
"644",644,644,644,644,644,114,35,5.11,629,2.19,"no",-2.8,48,3.5,"north","no",1,2,10.7,125
"645",645,645,645,645,645,102,52,5.04,632,2.06,"no",-1.4,80,3.6,"north","no",1,5,9.9,119
"646",646,646,646,646,646,98,78,5.28,706,2.07,"yes",-0.4,86,3.3,"north","no",9,1,89.9,97
"647",647,647,647,647,647,107,51,4.95,449,2.05,"no",-0.7,38,5,"south","no",1,3,12.7,136
"648",648,648,648,648,648,116,41,4.84,654,2.26,"no",-2.2,74,3.6,"south","no",4,2,16.9,112
"649",649,649,649,649,649,108,37,5.23,511,2,"no",-1.8,34,4.2,"north","no",0,3,9.8,112
"650",650,650,650,650,650,108,70,5.08,605,1.89,"no",-1,44,3.2,"north","no",0,4,10.1,95
"651",651,651,651,651,651,112,69,4.83,703,1.97,"no",-1.8,54,3.9,"south","no",1,2,11.3,119
"652",652,652,652,652,652,115,74,4.93,508,1.94,"no",-1,62,3.6,"north","no",9,4,10,123
"653",653,653,653,653,653,106,46,5.17,599,2.3,"no",-0.3,36,5.4,"south","no",3,2,14.4,110
"654",654,654,654,654,654,105,72,5.14,552,2.04,"no",0,55,4.2,"north","no",1,3,15,123
"655",655,655,655,655,655,113,32,4.96,807,2.49,"no",-1.9,81,5.5,"south","no",8,0,51.4,97
"656",656,656,656,656,656,129,84,5.18,530,1.89,"no",2.1,66,3.6,"south","no",17,2,13.8,128
"657",657,657,657,657,657,105,43,5.18,384,1.83,"no",0.1,32,4,"north","no",0,4,8.2,129
"658",658,658,658,658,658,106,72,5.11,455,1.86,"no",0,68,3.8,"south","no",0,4,9.1,118
"659",659,659,659,659,659,101,33,4.91,377,1.81,"no",-1.9,37,4.2,"north","no",0,5,7.2,150
"660",660,660,660,660,660,116,32,5.02,344,1.98,"no",-0.3,83,4.3,"north","yes",0,5,8.1,149
"661",661,661,661,661,661,113,59,4.99,616,2.29,"no",-0.4,64,4.1,"south","no",2,0,13.5,92
"662",662,662,662,662,662,115,77,4.95,561,1.84,"no",0.3,93,3.6,"north","no",3,4,11.7,136
"663",663,663,663,663,663,99,40,5.12,444,1.94,"no",-1,69,4,"north","yes",1,5,14.4,129
"664",664,664,664,664,664,110,62,5.15,653,2.2,"no",-0.6,44,4.8,"south","no",2,2,10.4,88
"665",665,665,665,665,665,119,35,5.05,451,2.08,"no",-0.4,81,3.8,"north","no",3,5,11.8,137
"666",666,666,666,666,666,102,35,5.02,326,1.68,"no",-0.4,36,4,"north","no",0,5,5.8,134
"667",667,667,667,667,667,112,64,5.25,680,2.05,"no",-0.9,60,4.1,"south","no",44,1,42.2,118
"668",668,668,668,668,668,111,66,5.07,737,2.31,"yes",-1,73,3.5,"south","no",25,1,13.2,102
"669",669,669,669,669,669,119,62,5.05,724,2.08,"no",-0.7,49,3.6,"north","no",2,4,10.7,96
"670",670,670,670,670,670,112,66,4.85,481,1.83,"no",-1.5,76,4.2,"south","no",0,2,11.6,155
"671",671,671,671,671,671,123,67,5.07,562,1.95,"no",-1.4,56,2.7,"north","no",1,3,9.3,110
"672",672,672,672,672,672,104,51,5.19,702,1.95,"no",-2.2,31,4.6,"north","no",1,4,8.9,132
"673",673,673,673,673,673,95,55,5.25,548,2,"no",0.1,46,3.9,"north","no",1,4,11.1,106
"674",674,674,674,674,674,117,65,5.06,705,2.04,"yes",-1,62,2.5,"south","yes",9,5,12,87
"675",675,675,675,675,675,104,48,4.8,185,1.82,"no",0.7,64,4.3,"south","yes",1,4,10.4,160
"676",676,676,676,676,676,110,59,4.84,658,2.22,"no",-1.7,69,4.1,"south","no",4,3,12.1,103
"677",677,677,677,677,677,99,67,5.33,508,2.08,"no",1.1,62,3.8,"north","no",10,2,54.2,124
"678",678,678,678,678,678,115,47,4.97,642,2,"no",-3.5,32,3.1,"north","no",1,5,8.3,97
"679",679,679,679,679,679,110,31,5.23,607,2.26,"no",-1.5,70,4.7,"south","no",5,1,25.1,107
"680",680,680,680,680,680,123,37,4.93,664,2.44,"no",-1.2,69,4.4,"south","no",8,2,11.1,87
"681",681,681,681,681,681,127,62,5.07,563,1.94,"no",-0.7,66,2.3,"north","no",0,5,7,75
"682",682,682,682,682,682,96,37,5.19,666,2.34,"no",-1.1,53,4.7,"north","no",2,2,23,100
"683",683,683,683,683,683,119,50,4.97,507,1.89,"no",-0.6,92,3.2,"north","yes",3,5,11.3,151
"684",684,684,684,684,684,105,46,5,449,1.96,"no",-1,39,4.1,"south","no",1,5,8.5,138
"685",685,685,685,685,685,115,41,4.92,427,2.12,"no",-0.4,60,4.7,"south","no",0,3,9.8,144
"686",686,686,686,686,686,99,67,4.93,877,2.11,"yes",-0.5,91,3.2,"south","no",31,2,54.2,77
"687",687,687,687,687,687,104,29,5.16,522,2.3,"no",-0.3,45,4.7,"south","no",0,2,9.2,99
"688",688,688,688,688,688,94,53,4.86,479,1.88,"no",-1.4,63,3.5,"north","no",0,4,11.1,133
"689",689,689,689,689,689,110,65,4.82,410,2.08,"no",-0.1,87,3.3,"north","no",0,3,9.2,93
"690",690,690,690,690,690,119,64,5.23,524,1.68,"no",-1.4,76,2.8,"north","no",0,5,9.6,122
"691",691,691,691,691,691,90,14,4.69,135,1.84,"no",-0.3,41,3.9,"north","no",0,5,6.9,150
"692",692,692,692,692,692,94,46,5.1,831,2.2,"no",-0.6,76,4.2,"north","no",7,2,25.6,108
"693",693,693,693,693,693,117,52,5.23,771,2.22,"no",-0.3,75,4.3,"south","yes",79,3,20.1,133
"694",694,694,694,694,694,115,40,4.78,391,1.67,"no",-1.8,45,4.1,"north","no",0,5,5.9,164
"695",695,695,695,695,695,95,63,5.07,682,2.25,"no",-0.9,53,4.8,"south","no",3,2,15.9,101
"696",696,696,696,696,696,111,19,5.07,819,2.54,"yes",-3.2,92,4.7,"north","no",6,1,24.4,71
"697",697,697,697,697,697,102,41,5.08,319,1.82,"no",0.9,59,3.7,"north","no",0,5,9.7,128
"698",698,698,698,698,698,114,47,4.8,505,1.82,"no",-2.9,67,3.9,"south","no",0,5,7.3,179
"699",699,699,699,699,699,118,37,5.12,252,1.85,"no",1.8,59,4.4,"north","no",0,4,6.8,138
"700",700,700,700,700,700,115,68,5.24,639,1.99,"no",0,63,3.6,"south","no",1,2,10.1,102
"701",701,701,701,701,701,103,43,4.91,364,1.9,"no",-0.7,67,3.1,"north","no",0,5,7.8,132
"702",702,702,702,702,702,119,59,5.13,617,2.12,"no",-0.1,61,4.2,"south","no",5,2,11.7,118
"703",703,703,703,703,703,107,53,5.03,348,1.72,"no",-1,37,4.5,"south","no",0,4,8.1,142
"704",704,704,704,704,704,106,56,5.06,545,2.12,"no",-1.4,33,4.3,"north","no",3,2,13.6,115
"705",705,705,705,705,705,100,49,5.07,488,1.86,"no",-1.7,24,4.1,"north","no",0,4,7.7,109
"706",706,706,706,706,706,99,62,5.15,468,1.8,"no",-0.6,68,3.3,"north","no",3,5,12.4,110
"707",707,707,707,707,707,112,47,4.92,515,1.92,"no",-0.3,46,4.7,"south","no",1,5,9.2,154
"708",708,708,708,708,708,108,43,5.02,211,1.49,"no",1,41,4.8,"south","no",0,4,6.2,152
"709",709,709,709,709,709,103,35,5.03,685,2.49,"no",-2.8,54,5.7,"south","no",1,0,15.3,102
"710",710,710,710,710,710,102,50,4.93,881,2.49,"yes",-2,96,4.8,"south","no",32,1,14.2,58
"711",711,711,711,711,711,105,31,4.68,808,2.42,"no",-3.5,75,5.7,"south","no",2,2,34.8,139
"712",712,712,712,712,712,105,62,5.08,463,1.72,"no",-1.1,68,3.7,"south","no",0,5,7.5,113
"713",713,713,713,713,713,113,68,4.85,523,1.94,"no",-2,90,3,"south","no",0,3,10.1,127
"714",714,714,714,714,714,113,77,4.94,466,1.84,"no",-0.3,44,4.2,"south","no",1,2,9.2,135
"715",715,715,715,715,715,99,39,4.68,282,1.92,"no",-1.2,77,4.4,"north","no",0,5,9.2,200
"716",716,716,716,716,716,116,51,5.03,434,1.97,"no",-0.9,81,3.2,"south","no",1,2,17.6,137
"717",717,717,717,717,717,117,34,4.89,375,1.8,"no",-2.2,75,4.1,"north","no",0,5,5.7,177
"718",718,718,718,718,718,113,39,4.88,422,2.13,"no",-1,79,4.1,"south","no",1,3,18.2,159
"719",719,719,719,719,719,110,65,5.34,721,2.18,"yes",0.5,70,3.7,"south","no",13,2,13.6,106
"720",720,720,720,720,720,110,33,4.83,421,2.03,"no",-1.2,56,4.1,"north","no",0,3,9.8,151
"721",721,721,721,721,721,118,69,5.06,545,2.07,"no",-0.7,54,3.8,"south","no",1,3,9,94
"722",722,722,722,722,722,100,57,5.22,563,2.11,"no",0.9,58,4.9,"north","no",1,2,12,134
"723",723,723,723,723,723,115,45,4.99,409,1.71,"no",-0.9,77,3.7,"north","yes",2,5,8.5,150
"724",724,724,724,724,724,123,66,5.02,500,1.99,"no",-0.4,63,3.6,"north","no",1,4,8.5,131
"725",725,725,725,725,725,95,53,5.07,699,2.28,"no",-2,70,4.5,"north","no",33,2,52.9,110
"726",726,726,726,726,726,98,65,5.24,401,1.62,"no",1.1,51,4,"south","no",1,5,8.4,103
"727",727,727,727,727,727,110,39,4.71,164,1.35,"no",-1.2,64,5,"north","yes",0,5,4.5,237
"728",728,728,728,728,728,104,45,5.02,719,2.23,"no",-1.4,55,4.4,"north","no",1,3,12.4,116
"729",729,729,729,729,729,114,44,5,396,1.89,"no",-0.7,90,4,"south","yes",1,5,12.2,154
"730",730,730,730,730,730,93,53,5.04,451,2.14,"no",-0.7,41,4.5,"north","no",1,3,20,126
"731",731,731,731,731,731,85,60,5.32,704,1.84,"no",-1.4,44,3.1,"north","yes",34,4,69,121
"732",732,732,732,732,732,108,35,5.14,514,2.24,"no",-1.9,57,3.9,"south","no",33,3,15.4,132
"733",733,733,733,733,733,135,41,5.09,502,1.8,"no",-1.7,64,3.3,"north","yes",1,5,7.7,125
"734",734,734,734,734,734,94,30,4.94,407,2.17,"no",-2,49,4.4,"south","no",0,5,12.3,120
"735",735,735,735,735,735,110,54,5,336,1.75,"no",-0.8,39,3.7,"north","no",0,4,7.8,133
"736",736,736,736,736,736,120,45,5.02,502,1.97,"no",-2.6,61,3.4,"north","no",0,5,5.9,117
"737",737,737,737,737,737,109,13,4.81,278,2.07,"no",-0.8,87,4.1,"north","no",0,5,12.1,187
"738",738,738,738,738,738,115,32,4.81,275,2.03,"no",-0.3,83,3.6,"south","no",0,4,11.6,139
"739",739,739,739,739,739,108,39,4.89,913,2.23,"no",-1.4,26,4.5,"north","no",2,2,8.9,64
"740",740,740,740,740,740,115,66,5.13,424,1.98,"no",0,89,3.2,"north","no",6,5,11,122
"741",741,741,741,741,741,122,52,5.12,544,2.08,"no",-1.1,30,4.1,"south","no",1,2,7.4,113
"742",742,742,742,742,742,102,59,5.16,395,1.85,"no",0.6,45,4.8,"south","no",1,5,9.2,119
"743",743,743,743,743,743,104,73,5.23,572,1.48,"no",-0.6,52,4.8,"north","no",0,5,7.3,130
"744",744,744,744,744,744,95,30,4.78,360,1.99,"no",-1.5,51,4.1,"south","no",0,5,7.3,163
"745",745,745,745,745,745,116,67,5.03,630,2.05,"no",-0.7,92,3.8,"south","no",32,2,24.1,144
"746",746,746,746,746,746,130,54,5.1,845,2.32,"no",-1.2,81,4.4,"south","no",23,1,18,97
"747",747,747,747,747,747,107,31,4.92,662,2.1,"no",-3.1,65,4.6,"south","no",0,3,15.1,147
"748",748,748,748,748,748,114,67,5.01,421,1.83,"no",0.5,44,3.2,"north","no",0,5,8.7,100
"749",749,749,749,749,749,122,72,5.4,693,1.79,"no",-0.1,61,3.8,"south","no",20,2,15.6,126
"750",750,750,750,750,750,113,46,5.07,298,1.79,"no",-0.8,36,3.6,"north","no",0,5,6.7,120
"751",751,751,751,751,751,110,65,5,575,1.91,"no",-2.7,61,3.4,"north","no",1,3,14.7,123
"752",752,752,752,752,752,115,66,5.16,615,2.03,"no",-0.5,79,3.8,"south","no",1,2,11.7,94
"753",753,753,753,753,753,105,49,5.07,430,2.09,"no",-1.3,39,4.4,"south","yes",0,5,10.2,120
"754",754,754,754,754,754,127,51,5.03,315,1.55,"no",-0.7,63,4.3,"south","yes",1,5,6.9,162
"755",755,755,755,755,755,103,51,5,394,1.81,"no",-0.2,50,5,"south","no",2,4,8.9,184
"756",756,756,756,756,756,108,21,4.79,240,1.94,"no",0.2,57,4.2,"south","no",0,2,8.6,147
"757",757,757,757,757,757,106,58,4.99,532,2.1,"no",-1.3,91,3.8,"north","no",1,2,14.5,126
"758",758,758,758,758,758,109,51,5,448,2.23,"no",-1.2,44,4.3,"north","no",1,2,21.2,119
"759",759,759,759,759,759,112,24,4.94,497,2.48,"no",-1.7,66,4.7,"south","no",3,1,14.8,91
"760",760,760,760,760,760,99,59,5.09,676,2.27,"no",-1.4,56,4.7,"south","no",19,2,18,97
"761",761,761,761,761,761,126,68,4.94,366,1.73,"no",0.7,65,2.8,"north","no",0,5,8.6,123
"762",762,762,762,762,762,120,51,5.17,780,2.05,"no",-1.2,64,3.7,"north","no",3,3,12.1,115
"763",763,763,763,763,763,109,65,5.02,387,1.67,"no",0.1,68,4.3,"south","no",1,3,9.1,160
"764",764,764,764,764,764,110,56,4.95,479,2.06,"no",-0.3,32,4.5,"south","no",0,3,8,127
"765",765,765,765,765,765,119,50,4.89,432,1.76,"no",-2.9,93,3,"north","no",1,5,9.2,160
"766",766,766,766,766,766,112,68,5.11,508,1.79,"no",-0.2,38,4.5,"south","no",1,2,11.8,128
"767",767,767,767,767,767,107,61,4.87,459,1.79,"no",-1.7,79,4,"north","no",0,3,10.8,171
"768",768,768,768,768,768,99,46,4.98,506,2.13,"no",-1.2,60,3.2,"north","yes",1,4,13,101
"769",769,769,769,769,769,105,72,5.09,574,2.11,"no",-0.1,39,4,"north","no",2,3,10.3,94
"770",770,770,770,770,770,111,43,4.93,533,2.13,"no",-2.4,58,4.1,"south","no",1,3,8.5,118
"771",771,771,771,771,771,121,65,4.92,365,1.9,"no",-0.9,71,3.1,"south","no",2,3,13.1,120
"772",772,772,772,772,772,116,50,5.03,580,1.92,"no",-0.8,62,3.8,"south","no",2,3,12.5,135
"773",773,773,773,773,773,104,48,4.89,350,1.88,"no",-0.6,54,4.4,"north","no",0,3,7.7,177
"774",774,774,774,774,774,96,71,5.09,710,2.02,"no",-1.1,61,4.3,"south","no",6,3,15.6,112
"775",775,775,775,775,775,110,48,4.95,714,2.32,"no",-0.6,68,4,"north","yes",4,4,11.3,105
"776",776,776,776,776,776,115,39,4.7,499,2.18,"no",-3,79,4,"north","no",0,2,15.4,169
"777",777,777,777,777,777,110,12,4.64,541,2.42,"no",-2.8,92,4.3,"north","no",1,2,33.9,161
"778",778,778,778,778,778,113,65,5.07,514,2.11,"no",0,55,3,"north","no",1,3,10.1,107
"779",779,779,779,779,779,109,4,4.68,69,1.67,"no",0.3,53,4.4,"north","yes",0,5,6.3,207
"780",780,780,780,780,780,106,64,5.02,504,1.92,"no",-1.8,71,2.4,"north","no",2,5,9.4,125
"781",781,781,781,781,781,105,51,5.1,599,2.17,"no",-2,63,4.1,"south","no",3,4,10.2,112
"782",782,782,782,782,782,113,62,5.3,577,2.02,"no",-0.3,66,3.8,"south","no",4,2,11.5,111
"783",783,783,783,783,783,120,66,5.04,500,1.94,"no",-0.7,53,3.1,"south","yes",2,5,10.8,113
"784",784,784,784,784,784,132,77,,,,"""yes""",,,,"","",,,,
"785",785,785,785,785,785,115,48,4.98,412,2.1,"no",-0.3,66,3.6,"north","no",1,4,9.3,105
"786",786,786,786,786,786,117,43,5.01,501,1.83,"no",-1,40,4,"north","no",0,5,7.5,141
"787",787,787,787,787,787,115,49,4.79,437,2.16,"no",-0.3,56,4.4,"south","no",0,2,9.4,137
"788",788,788,788,788,788,104,36,4.85,422,1.95,"no",-1.8,63,3.8,"north","yes",0,5,8.3,140
"789",789,789,789,789,789,106,68,4.88,540,2.12,"no",-1.2,59,3.4,"north","no",0,2,12,111
"790",790,790,790,790,790,117,60,5.09,434,1.66,"no",-1.2,54,4.3,"north","no",5,5,8.1,144
"791",791,791,791,791,791,117,56,5.23,422,1.79,"no",0.2,48,3.7,"north","no",1,4,9.1,121
"792",792,792,792,792,792,106,28,4.97,402,1.99,"no",-0.9,42,4.8,"north","no",0,4,8.5,155
"793",793,793,793,793,793,107,51,4.85,388,1.68,"no",0.4,62,3.4,"north","yes",0,5,10.3,150
"794",794,794,794,794,794,104,32,4.64,568,2.37,"no",-3.2,88,4.8,"south","no",1,2,23.1,158
"795",795,795,795,795,795,105,53,5.21,561,1.95,"no",-1.1,85,3.8,"north","no",1,4,15.4,149
"796",796,796,796,796,796,124,31,4.73,338,1.95,"no",-2.3,50,4.4,"south","no",0,3,9.6,198
"797",797,797,797,797,797,108,40,4.95,356,2.02,"no",-0.4,88,4,"north","no",0,5,9.5,156
"798",798,798,798,798,798,112,55,5.23,654,2.01,"no",-1.7,62,3,"north","no",2,4,12.6,110
"799",799,799,799,799,799,114,71,4.97,622,2.34,"no",0.1,107,4.2,"south","no",41,2,21.2,105
"800",800,800,800,800,800,107,49,4.95,369,1.69,"no",-1,43,4.6,"north","no",0,3,6.2,160
"801",801,801,801,801,801,106,24,4.93,208,1.84,"no",-0.8,47,4.1,"north","no",0,5,8.5,158
"802",802,802,802,802,802,112,41,5.06,635,2.28,"no",-0.9,81,4.7,"south","no",1,2,12.6,94
"803",803,803,803,803,803,103,41,4.79,212,1.75,"no",0.9,49,4.4,"south","no",0,4,7.9,175
"804",804,804,804,804,804,108,79,5.13,486,1.7,"no",0.2,90,3.5,"north","no",3,5,16,133
"805",805,805,805,805,805,99,72,5.34,531,1.91,"no",0.1,19,4.6,"south","no",2,2,12.4,104
"806",806,806,806,806,806,107,40,5.1,567,2.26,"no",-1.4,63,4.6,"south","no",2,2,13.2,111
"807",807,807,807,807,807,116,26,4.93,267,1.99,"no",-0.4,48,4,"south","yes",0,4,10.7,147
"808",808,808,808,808,808,111,66,5.1,431,2.08,"no",-0.2,61,3.4,"north","no",6,2,14.9,108
"809",809,809,809,809,809,120,47,4.94,402,1.9,"no",-1.4,54,4.3,"south","no",0,4,8.1,145
"810",810,810,810,810,810,108,36,5.18,767,2.21,"no",-2.4,66,4.5,"south","no",3,2,20,115
"811",811,811,811,811,811,131,36,4.74,339,2.06,"no",-1.6,88,3.3,"north","no",0,4,7.4,144
"812",812,812,812,812,812,116,60,4.84,552,2.18,"no",-1.5,61,3.3,"north","no",0,4,8.2,73
"813",813,813,813,813,813,108,63,5.32,661,1.83,"no",-0.5,31,3.3,"north","yes",11,4,16.3,119
"814",814,814,814,814,814,109,100000,1e+05,100000,,"",,,,"","",,,,
